AgencyID,AgencyName,AgencyType,PhysicalCity,PhysicalZIPCode,Countyname,JurisdictionName,ReportingYear,ReportingType,AgencyStatus,ReportStatus,TotalNumberOfFacilities,DisposalTons,NumberOfEmployees,EmployeeDisposalRate,EmployeeDisposalRateTarget,NonEmployeePopulationType,NonEmployeeDisposalRate,NonEmployeeDisposalRateTarget,Comments
53,9th District Agricultural Association,Fair,Eureka,95503,Humboldt,Eureka,2011,Full,Active,Submitted,1,68500,6,62557.08,838.7,Visitors,0.75,0,
227,Calipatria State Prison,Correctional,Calipatria,92233,Imperial,Calipatria,2011,Full,Active,Submitted,1,1587,1266,6.87,11.3,Inmates,1.99,2.4,
22,27th District Agricultural Association,Fair,Anderson,96007,Shasta,Anderson,2012,Full,Active,Submitted,1,27,4,36.99,187.3,Visitors,0,0,
351,Laney College,Community College,Oakland,94607,Alameda,Oakland,2013,Full,Active,Reporting requirement temporarily suspended ,,,,,5.1,Students,,0.2,
1,1-A District Agricultural Association,Fair,Daly City,94014,San Mateo,San Francisco,2011,Full,Active,Submitted,,246.7,11,122.89,4.5,Visitors,0,0,
1,1-A District Agricultural Association,Fair,Daly City,94014,San Mateo,San Francisco,2012,Full,Active,Submitted,,213.56,9,130.02000000000001,4.5,Visitors,0.01,0,
1,1-A District Agricultural Association,Fair,Daly City,94014,San Mateo,San Francisco,2013,Full,Active,Submitted,,213.56,9,130.02000000000001,4.5,Visitors,0.01,0,
1,1-A District Agricultural Association,Fair,Daly City,94014,San Mateo,San Francisco,2014,Full,Active,Not Submitted,,,,,4.5,Visitors,,0,
4,12th District Agricultural Association,Fair,Ukiah,95482,Mendocino,Ukiah,2011,Full,Active,Submitted,1,57.09,6,52.14,117.2,Visitors,0,0,
4,12th District Agricultural Association,Fair,Ukiah,95482,Mendocino,Ukiah,2012,Full,Active,Submitted,1,56.39,6,51.5,117.2,Visitors,0,0,
4,12th District Agricultural Association,Fair,Ukiah,95482,Mendocino,Ukiah,2013,Full,Active,Submitted,1,53.63,6,48.98,117.2,Visitors,0,0,
5,13th District Agricultural Association,Fair,Yuba City,95991,Sutter,Yuba City,2011,Full,Active,Submitted,1,128,14,50.1,158.1,Visitors,0.01,0,
5,13th District Agricultural Association,Fair,Yuba City,95991,Sutter,Yuba City,2012,Full,Active,Submitted,,123,7,96.28,158.1,Visitors,0.01,0,
5,13th District Agricultural Association,Fair,Yuba City,95991,Sutter,Yuba City,2013,Full,Active,Submitted,,115,4,157.53,158.1,Visitors,0.01,0,
7,15th District Agricultural Association,Fair,Bakersfield,93307-3950,Kern,Bakersfield,2011,Full,Active,Submitted,,405.75,60,37.049999999999997,88.5,Visitors,0,0,
7,15th District Agricultural Association,Fair,Bakersfield,93307-3950,Kern,Bakersfield,2012,Full,Active,Submitted,,417,60,38.08,88.5,Visitors,0,0,
7,15th District Agricultural Association,Fair,Bakersfield,93307-3950,Kern,Bakersfield,2013,Full,Active,Submitted,,409,60,37.35,88.5,Visitors,0,0,
8,16th District Agricultural Association,Fair,Paso Robles,93446,San Luis Obispo,San Luis Obispo-Unincorporated,2011,Full,Active,Submitted,1,489.56,20,134.13,239.9,Visitors,0.01,0,
8,16th District Agricultural Association,Fair,Paso Robles,93446,San Luis Obispo,San Luis Obispo-Unincorporated,2012,Full,Active,Submitted,1,487.32,29,92.08,239.9,Visitors,0.01,0,
8,16th District Agricultural Association,Fair,Paso Robles,93446,San Luis Obispo,San Luis Obispo-Unincorporated,2013,Full,Active,Submitted,1,493.24,30,90.09,239.9,Visitors,0.01,0,
9,17th District Agricultural Association,Fair,Grass Valley,95949,Nevada,Grass Valley,2011,Full,Active,Submitted,1,123.1,7,96.36,212.1,Visitors,0,0,
9,17th District Agricultural Association,Fair,Grass Valley,95949,Nevada,Grass Valley,2012,Full,Active,Submitted,1,115.6,7,90.49,212.1,Visitors,0,0,
9,17th District Agricultural Association,Fair,Grass Valley,95949,Nevada,Grass Valley,2013,Full,Active,Submitted,1,135.6,7,106.14,212.1,Visitors,0,0,
11,19th District Agricultural Association,Fair,Santa Barbara,93105,Santa Barbara,Santa Barbara,2011,Full,Active,Submitted,,94,30,17.170000000000002,145.30000000000001,Visitors,0,0,
11,19th District Agricultural Association,Fair,Santa Barbara,93105,Santa Barbara,Santa Barbara,2012,Full,Active,Submitted,,102.27,40,14.01,145.30000000000001,Visitors,0,0,
11,19th District Agricultural Association,Fair,Santa Barbara,93105,Santa Barbara,Santa Barbara,2013,Full,Active,Submitted,,81.319999999999993,85,5.24,145.30000000000001,Visitors,0.03,0,
13,20th District Agricultural Association,Fair,Auburn,95604,Placer,Auburn,2011,Full,Active,Submitted,,37,6,33.79,153.30000000000001,Visitors,0,0,
13,20th District Agricultural Association,Fair,Auburn,95604,Placer,Auburn,2012,Full,Active,Submitted,1,39.5,6,36.07,153.30000000000001,Visitors,0,0,
13,20th District Agricultural Association,Fair,Auburn,95604,Placer,Auburn,2013,Full,Active,Submitted,1,37.25,7,29.16,153.30000000000001,Visitors,0,0,
14,21-A District Agricultural Association,Fair,Madera,93637,Madera,Madera,2011,Full,Active,Submitted,,105.96,9,64.510000000000005,200.9,Visitors,0,0,
14,21-A District Agricultural Association,Fair,Madera,93637,Madera,Madera,2012,Full,Active,Submitted,,112.64,9,68.58,200.9,Visitors,0,0,
14,21-A District Agricultural Association,Fair,Madera,93637,Madera,Madera,2013,Full,Active,Submitted,,106.33,9,64.739999999999995,200.9,Visitors,0,0,
15,21st District Agricultural Association,Fair,Fresno,93702,Fresno,Fresno,2011,Full,Active,Submitted,1,600,835,3.94,291,Visitors,0,0,
15,21st District Agricultural Association,Fair,Fresno,93702,Fresno,Fresno,2012,Full,Active,Submitted,1,522,847,3.38,291,Visitors,0,0,
15,21st District Agricultural Association,Fair,Fresno,93702,Fresno,Fresno,2013,Full,Active,Submitted,1,598.64,813,4.03,291,Visitors,0,0,
16,22nd District Agricultural Association,Fair,Del Mar,92014,San Diego,Del Mar,2011,Full,Active,Submitted,1,1736,180,52.85,409.4,Visitors,0,0,
16,22nd District Agricultural Association,Fair,Del Mar,92014,San Diego,Del Mar,2012,Full,Active,Submitted,1,1886,171,60.43,409.4,Visitors,0,0,
16,22nd District Agricultural Association,Fair,Del Mar,92014,San Diego,Del Mar,2013,Full,Active,Submitted,1,1830,175,57.3,409.4,Visitors,0,0,
17,23rd District Agricultural Association,Fair,Antioch,94509,Contra Costa,Antioch,2011,Full,Active,Submitted,,95,4,130.13999999999999,293.8,Visitors,0.03,0,
17,23rd District Agricultural Association,Fair,Antioch,94509,Contra Costa,Antioch,2012,Full,Active,Submitted,,42,4,57.53,293.8,Visitors,0,0,
17,23rd District Agricultural Association,Fair,Antioch,94509,Contra Costa,Antioch,2013,Full,Active,Submitted,,60.34,6,55.11,293.8,Visitors,0.01,0,
18,24-A District Agricultural Association,Fair,Hanford,93230,Kings,Hanford,2011,Full,Active,Submitted,,217,2,594.52,484.8,Visitors,0.01,0,
18,24-A District Agricultural Association,Fair,Hanford,93230,Kings,Hanford,2012,Full,Active,Submitted,,5,2,13.7,484.8,Visitors,0,0,
18,24-A District Agricultural Association,Fair,Hanford,93230,Kings,Hanford,2013,Full,Active,Submitted,,5,5,5.48,484.8,Visitors,0,0,
19,24th District Agricultural Association,Fair,Tulare,93274,Tulare,Tulare,2011,Full,Active,Submitted,1,307,507,3.32,305.2,Visitors,0,0,
19,24th District Agricultural Association,Fair,Tulare,93274,Tulare,Tulare,2012,Full,Active,Submitted,1,310,507,3.35,305.2,Visitors,0,0,
19,24th District Agricultural Association,Fair,Tulare,93274,Tulare,Tulare,2013,Full,Active,Submitted,1,315,507,3.4,305.2,Visitors,0,0,
20,25th District Agricultural Association,Fair,Napa,94559,Napa,Napa,2011,Full,Active,Submitted,,96.88,14,37.92,389,Visitors,0,0,
20,25th District Agricultural Association,Fair,Napa,94559,Napa,Napa,2012,Full,Active,Submitted,,68.7,14,26.89,389,Visitors,0,0,
20,25th District Agricultural Association,Fair,Napa,94559,Napa,Napa,2013,Full,Active,Submitted,,90.38,14,35.369999999999997,389,Visitors,0,0,
22,27th District Agricultural Association,Fair,Anderson,96007,Shasta,Anderson,2011,Full,Active,Submitted,1,36.369999999999997,5,39.86,187.3,Visitors,0,0,
22,27th District Agricultural Association,Fair,Anderson,96007,Shasta,Anderson,2013,Full,Active,Submitted,1,20.28,4,27.78,187.3,Visitors,0,0,
23,28th District Agricultural Association,Fair,Victorville,92395,San Bernardino,Victorville,2011,Full,Active,Submitted,,301.52999999999997,25,66.09,31,Visitors,0,0,
23,28th District Agricultural Association,Fair,Victorville,92395,San Bernardino,Victorville,2012,Full,Active,Submitted,,390.11,25,85.5,31,Visitors,0,0,
23,28th District Agricultural Association,Fair,Victorville,92395,San Bernardino,Victorville,2013,Full,Active,Submitted,,104.68,12,47.8,31,Visitors,0,0,
25,2nd District Agricultural Association - San Joaquin County Fair,Fair,Stockton,95206,San Joaquin,Stockton,2011,Full,Active,Submitted,,95.1,26,20.04,181.4,Visitors,0,0,
25,2nd District Agricultural Association - San Joaquin County Fair,Fair,Stockton,95206,San Joaquin,Stockton,2012,Full,Active,Submitted,,54.51,9,33.19,181.4,Visitors,0,0,
25,2nd District Agricultural Association - San Joaquin County Fair,Fair,Stockton,95206,San Joaquin,Stockton,2013,Full,Active,Submitted,,25.6,23,6.1,181.4,Visitors,0,0,
26,30th District Agricultural Association,Fair,Red Bluff,96080,Tehama,Red Bluff,2011,Full,Active,Submitted,,97.6,8,66.849999999999994,163.80000000000001,Visitors,0,0,
26,30th District Agricultural Association,Fair,Red Bluff,96080,Tehama,Red Bluff,2012,Full,Active,Submitted,1,76.3,12,34.840000000000003,163.80000000000001,Visitors,0,0,
384,Mule Creek State Prison,Correctional,Ione,95640,Amador,Ione,2013,Full,Active,Submitted,,1701,1174,7.94,9,Inmates,3.21,2.5,
26,30th District Agricultural Association,Fair,Red Bluff,96080,Tehama,Red Bluff,2013,Full,Active,Submitted,1,76.3,6,69.680000000000007,163.80000000000001,Visitors,0,0,
27,31st District Agricultural Association,Fair,Ventura,93001,Ventura,San Buenaventura,2011,Full,Active,Submitted,,350.08,50,38.36,65.2,Visitors,0,0,
27,31st District Agricultural Association,Fair,Ventura,93001,Ventura,San Buenaventura,2012,Full,Active,Submitted,,325.3,54,33.01,65.2,Visitors,0,0,
27,31st District Agricultural Association,Fair,Ventura,93001,Ventura,San Buenaventura,2013,Full,Active,Submitted,,380,50,41.64,65.2,Visitors,0,0,
28,32nd District Agricultural Association,Fair,Costa Mesa,92626,Orange,Costa Mesa,2011,Full,Active,Submitted,,2381.98,97,134.56,156.80000000000001,Visitors,0.01,0,
28,32nd District Agricultural Association,Fair,Costa Mesa,92626,Orange,Costa Mesa,2012,Full,Active,Submitted,,1706.34,88,106.25,156.80000000000001,Visitors,0,0,
28,32nd District Agricultural Association,Fair,Costa Mesa,92626,Orange,Costa Mesa,2013,Full,Active,Submitted,,2266.86,94,132.13999999999999,156.80000000000001,Visitors,0.01,0,
29,33rd District Agricultural Association,Fair,Tres Pinos,95075,San Benito,Hollister,2011,Full,Active,Submitted,1,51.65,5,56.6,90.4,Visitors,0,0,
29,33rd District Agricultural Association,Fair,Tres Pinos,95075,San Benito,Hollister,2012,Full,Active,Submitted,,43,4,58.9,90.4,Visitors,0,0,
29,33rd District Agricultural Association,Fair,Tres Pinos,95075,San Benito,Hollister,2013,Full,Active,Submitted,,44,4,60.27,90.4,Visitors,0,0,
32,35th District Agricultural Association,Fair,Merced,95341,Merced,Merced,2011,Full,Active,Submitted,,205.6,8,140.82,197.1,Visitors,0,0,
32,35th District Agricultural Association,Fair,Merced,95341,Merced,Merced,2012,Full,Active,Submitted,,156.75,5,171.78,197.1,Visitors,0,0,
32,35th District Agricultural Association,Fair,Merced,95341,Merced,Merced,2013,Full,Active,Submitted,,149,6,136.07,197.1,Visitors,0,0,
33,36th District Agricultural Association,Fair,Dixon,95620,Solano,Dixon,2011,Full,Active,Submitted,1,106.67,12,48.71,391.5,Visitors,0,0,
33,36th District Agricultural Association,Fair,Dixon,95620,Solano,Dixon,2012,Full,Active,Submitted,1,10.89,8,7.46,391.5,Visitors,0,0,
33,36th District Agricultural Association,Fair,Dixon,95620,Solano,Dixon,2013,Full,Active,Submitted,1,87.99,10,48.21,391.5,Visitors,0,0,
34,37th District Agricultural Association,Fair,Santa Maria,93458,Santa Barbara,Santa Maria,2011,Full,Active,Submitted,,100.4,8,68.77,99.2,Visitors,0,0,
34,37th District Agricultural Association,Fair,Santa Maria,93458,Santa Barbara,Santa Maria,2012,Full,Active,Submitted,,110.83,8,75.91,99.2,Visitors,0,0,
34,37th District Agricultural Association,Fair,Santa Maria,93458,Santa Barbara,Santa Maria,2013,Full,Active,Submitted,1,138.97999999999999,7,108.79,99.2,Visitors,0,0,
35,38th District Agricultural Association,Fair,Turlock,95380,Stanislaus,Turlock,2011,Full,Active,Submitted,1,273,16,93.49,129.69999999999999,Visitors,0.01,0,
35,38th District Agricultural Association,Fair,Turlock,95380,Stanislaus,Turlock,2012,Full,Active,Submitted,1,215.82,14,84.47,129.69999999999999,Visitors,0,0,
35,38th District Agricultural Association,Fair,Turlock,95380,Stanislaus,Turlock,2013,Full,Active,Submitted,1,216.48,14,84.73,129.69999999999999,Visitors,0,0,
36,39th District Agricultural Association,Fair,Angels Camp,95222,Calaveras,Calaveras County Regional Agency,2011,Full,Active,Submitted,1,98.75,10,54.11,155.30000000000001,Visitors,0.01,0,
36,39th District Agricultural Association,Fair,Angels Camp,95222,Calaveras,Calaveras County Regional Agency,2012,Full,Active,Submitted,1,96,6,87.67,155.30000000000001,Visitors,0.01,0,
36,39th District Agricultural Association,Fair,Angels Camp,95222,Calaveras,Calaveras County Regional Agency,2013,Full,Active,Submitted,1,15.24,94,0.89,155.30000000000001,Visitors,0,0,
37,3rd District Agricultural Association,Fair,Chico,95928,Butte,Chico,2011,Full,Active,Submitted,,200.2,8,137.12,331.6,Visitors,0,0,
37,3rd District Agricultural Association,Fair,Chico,95928,Butte,Chico,2012,Full,Active,Submitted,,201.47,8,137.99,331.6,Visitors,0,0,
37,3rd District Agricultural Association,Fair,Chico,95928,Butte,Chico,2013,Full,Active,Submitted,,176.9,8,121.16,331.6,Visitors,0,0,
38,40th District Agricultural Association,Fair,Woodland,95776,Yolo,Woodland,2011,Full,Active,Submitted,1,184,12,84.02,155.69999999999999,Visitors,0.01,0,
38,40th District Agricultural Association,Fair,Woodland,95776,Yolo,Woodland,2012,Full,Active,Submitted,1,175,12,79.91,155.69999999999999,Visitors,0.01,0,
38,40th District Agricultural Association,Fair,Woodland,95776,Yolo,Woodland,2013,Full,Active,Submitted,1,138,12,63.01,155.69999999999999,Visitors,0.01,0,
39,41st District Agricultural Association,Fair,Crescent City,95531,Del Norte,Crescent City,2011,Full,Active,Submitted,1,25,2,68.489999999999995,632.70000000000005,Visitors,0,0,
39,41st District Agricultural Association,Fair,Crescent City,95531,Del Norte,Crescent City,2012,Full,Active,Submitted,,20,1,109.59,632.70000000000005,Visitors,0,0,
39,41st District Agricultural Association,Fair,Crescent City,95531,Del Norte,Crescent City,2013,Full,Active,Submitted,,20,1,109.59,632.70000000000005,Visitors,0,0,
43,46th District Agricultural Association,Fair,Perris,92571,Riverside,Perris,2011,Full,Active,Submitted,1,209.32,35,32.770000000000003,34.200000000000003,Visitors,0,0,
43,46th District Agricultural Association,Fair,Perris,92571,Riverside,Perris,2012,Full,Active,Submitted,1,66.150000000000006,14,25.89,34.200000000000003,Visitors,0,0,
43,46th District Agricultural Association,Fair,Perris,92571,Riverside,Perris,2013,Full,Active,Submitted,1,48.15,31,8.51,34.200000000000003,Visitors,0.01,0,
45,49th District Agricultural Association,Fair,Lakeport,95453,Lake,Lakeport,2011,Full,Active,Submitted,,38.799999999999997,2,106.3,75.8,Visitors,0,0,
45,49th District Agricultural Association,Fair,Lakeport,95453,Lake,Lakeport,2012,Full,Active,Submitted,,38.799999999999997,2,106.3,75.8,Visitors,0,0,
45,49th District Agricultural Association,Fair,Lakeport,95453,Lake,Lakeport,2013,Full,Active,Submitted,,38.799999999999997,2,106.3,75.8,Visitors,0,0,
46,4th District Agricultural Association,Fair,Petaluma,94952,Sonoma,Petaluma,2011,Full,Active,Submitted,1,40,5,43.84,85.9,Visitors,0,0,
46,4th District Agricultural Association,Fair,Petaluma,94952,Sonoma,Petaluma,2012,Full,Active,Submitted,,34.44,5,37.74,85.9,Visitors,0,0,
46,4th District Agricultural Association,Fair,Petaluma,94952,Sonoma,Petaluma,2013,Full,Active,Submitted,,47,4,64.38,85.9,Visitors,0,0,
47,50th District Agricultural Association,Fair,Lancaster,93536-8117,Los Angeles,Lancaster,2011,Full,Active,Submitted,1,169,46,20.13,100.9,Visitors,0,0,
47,50th District Agricultural Association,Fair,Lancaster,93536-8117,Los Angeles,Lancaster,2012,Full,Active,Submitted,1,0,1,0,100.9,Visitors,0,0,
47,50th District Agricultural Association,Fair,Lancaster,93536-8117,Los Angeles,Lancaster,2013,Full,Active,Submitted,1,0,1,0,100.9,Visitors,0,0,
51,54th District Agricultural Association,Fair,Blythe,92225,Riverside,Blythe,2011,Full,Active,Submitted,,35,2,95.89,109,Visitors,0,0,
51,54th District Agricultural Association,Fair,Blythe,92225,Riverside,Blythe,2012,Full,Active,Submitted,,36,5,39.450000000000003,109,Visitors,0,0,
51,54th District Agricultural Association,Fair,Blythe,92225,Riverside,Blythe,2013,Full,Active,Submitted,,36,5,39.450000000000003,109,Visitors,0,0,
52,7th District Agricultural Association,Fair,Monterey,93940,Monterey,Monterey,2011,Full,Active,Submitted,,249.82,36,38.020000000000003,49.2,Visitors,0,0,
52,7th District Agricultural Association,Fair,Monterey,93940,Monterey,Monterey,2012,Full,Active,Submitted,,206.38,34,33.26,49.2,Visitors,0,0,
52,7th District Agricultural Association,Fair,Monterey,93940,Monterey,Monterey,2013,Full,Active,Submitted,,209.54,34,33.770000000000003,49.2,Visitors,0,0,
53,9th District Agricultural Association,Fair,Eureka,95503,Humboldt,Eureka,2012,Full,Active,Submitted,1,82.5,6,75.34,838.7,Visitors,0,0,
53,9th District Agricultural Association,Fair,Eureka,95503,Humboldt,Eureka,2013,Full,Active,Submitted,1,58.78,4,80.52,838.7,Visitors,0,0,
57,Allan Hancock Joint Community College District,Community College,Santa Maria,93454-6399,Santa Barbara,Santa Maria,2011,Full,Active,Submitted,1,307.89999999999998,619,2.73,3.1,Students,0.05,0.2,
58,American River College,Community College,Sacramento,95841,Sacramento,Sacramento-Unincorporated,2011,Full,Active,Submitted,3,314.85000000000002,1538,1.12,2.2,Students,0.05,0.1,
59,Antelope Valley Community College,Community College,Lancaster,93536,Los Angeles,Lancaster,2011,Full,Active,Submitted,1,101.51,1042,0.53,1.8,Students,0.04,0.1,
61,Atascadero State Hospital,General State Agency,Atascadero,93423,San Luis Obispo,Atascadero,2011,Full,Active,Submitted,1,603.67999999999995,2014,1.64,2.8,Patients,3.06,3.8,
61,Atascadero State Hospital,General State Agency,Atascadero,93423,San Luis Obispo,Atascadero,2012,Full,Active,Submitted,1,714.62,2018,1.94,2.8,Patients,3.63,3.8,
61,Atascadero State Hospital,General State Agency,Atascadero,93423,San Luis Obispo,Atascadero,2013,Full,Active,Submitted,1,646.08000000000004,1931,1.83,2.8,Patients,3.68,3.8,
61,Atascadero State Hospital,General State Agency,Atascadero,93423,San Luis Obispo,Atascadero,2014,Full,Active,Submitted,1,589.86,1939,1.67,2.8,Patients,3.36,3.8,
63,Avenal State Prison,Correctional,Avenal,93204,Kings,Avenal,2011,Full,Active,Submitted,,2616,1583,9.06,15.3,Inmates,2.8,3.1,
63,Avenal State Prison,Correctional,Avenal,93204,Kings,Avenal,2012,Full,Active,Submitted,,2757,1419,10.65,15.3,Inmates,3.23,3.1,
63,Avenal State Prison,Correctional,Avenal,93204,Kings,Avenal,2013,Full,Active,Submitted,,2331.34,1308,9.77,15.3,Inmates,3.19,3.1,
63,Avenal State Prison,Correctional,Avenal,93204,Kings,Avenal,2014,Full,Active,Submitted,,2271.46,1271,9.789999999999999,15.3,Inmates,3.16,3.1,
64,Bakersfield College,Community College,Bakersfield,93305,Kern,Bakersfield,2011,Full,Active,Submitted,2,201.6,766,1.44,5.4,Students,0.04,0.2,
65,Barstow Community College,Community College,Barstow,92311,San Bernardino,Barstow,2011,Full,Active,Submitted,2,7.8,300,0.14,5.8,Students,0.01,0.1,
66,Berkeley City College,Community College,Berkeley,94704,Alameda,Berkeley,2011,Full,Active,Submitted,,87.8,94,5.12,10.7,Students,0.06,0.2,
90,Butte College,Community College,Oroville,95965-8399,Butte,Oroville,2011,Full,Active,Submitted,3,228.6,1864,0.67,2.9,Students,0.05,0.3,
91,Cabrillo College,Community College,Aptos,95003,Santa Cruz,Santa Cruz-Unincorporated,2011,Full,Active,Submitted,,174.51,885,1.08,1,Students,0.06,0.1,
105,California Correctional Center,Correctional,Susanville,96130,Lassen,Susanville,2011,Full,Active,Submitted,18,820.74,1002,4.49,9.5,Inmates,0.83,1.6,
105,California Correctional Center,Correctional,Susanville,96130,Lassen,Susanville,2012,Full,Active,Submitted,18,748.95,1119,3.67,9.5,Inmates,1.03,1.6,
105,California Correctional Center,Correctional,Susanville,96130,Lassen,Susanville,2013,Full,Active,Submitted,18,19.88,1023,0.11,9.5,Inmates,0,1.6,
105,California Correctional Center,Correctional,Susanville,96130,Lassen,Susanville,2014,Full,Active,Submitted,18,1149.18,1233,5.11,9.5,Inmates,1.17,1.6,
106,California Correctional Institution,Correctional,Tehachapi,93581,Kern,Tehachapi,2011,Full,Active,Submitted,1,1595.17,1962,4.45,6.8,Inmates,1.47,2.1,
106,California Correctional Institution,Correctional,Tehachapi,93581,Kern,Tehachapi,2012,Full,Active,Submitted,1,1515.29,1733,4.79,6.8,Inmates,1.81,2.1,
106,California Correctional Institution,Correctional,Tehachapi,93581,Kern,Tehachapi,2013,Full,Active,Submitted,1,2641.51,1673,8.65,6.8,Inmates,3.3,2.1,
106,California Correctional Institution,Correctional,Tehachapi,93581,Kern,Tehachapi,2014,Full,Active,Submitted,1,2661.69,1615,9.029999999999999,6.8,Inmates,3.31,2.1,
120,California Department of Transportation,General State Agency,Sacramento,95814,Sacramento,Sacramento,2011,Full,Active,Submitted,17,599.5,3816,0.86,1.1,Visitors,0.18,0,
120,California Department of Transportation,Caltrans,Sacramento,95814,Sacramento,Sacramento,2011,Full,Active,Submitted,17,599.5,3816,0.86,1.1,Visitors,0.18,0,
120,California Department of Transportation,General State Agency,Sacramento,95814,Sacramento,Sacramento,2012,Full,Active,Submitted,17,468.17,4293,0.6,1.1,Visitors,0.11,0,
120,California Department of Transportation,Caltrans,Sacramento,95814,Sacramento,Sacramento,2012,Full,Active,Submitted,17,468.17,4293,0.6,1.1,Visitors,0.11,0,
120,California Department of Transportation,General State Agency,Sacramento,95814,Sacramento,Sacramento,2013,Full,Active,Submitted,17,412,4308,0.52,1.1,Visitors,0.1,0,
120,California Department of Transportation,Caltrans,Sacramento,95814,Sacramento,Sacramento,2013,Full,Active,Submitted,17,412,4308,0.52,1.1,Visitors,0.1,0,
120,California Department of Transportation,General State Agency,Sacramento,95814,Sacramento,Sacramento,2014,Full,Active,Submitted,16,640,4280,0.82,1.1,Visitors,0.15,0,
120,California Department of Transportation,Caltrans,Sacramento,95814,Sacramento,Sacramento,2014,Full,Active,Submitted,16,640,4280,0.82,1.1,Visitors,0.15,0,
121,"California Department of Transportation,  District 1",Caltrans,Eureka,95501,Humboldt,Eureka,2011,Full,Active,Submitted,42,742,586,6.94,97.7,Visitors,0,0,
121,"California Department of Transportation,  District 1",Caltrans,Eureka,95501,Humboldt,Eureka,2012,Full,Active,Submitted,42,811.2,2084,2.13,97.7,Visitors,0,0,
121,"California Department of Transportation,  District 1",Caltrans,Eureka,95501,Humboldt,Eureka,2013,Full,Active,Submitted,40,3076.64,664,25.39,97.7,Visitors,0.02,0,
121,"California Department of Transportation,  District 1",Caltrans,Eureka,95501,Humboldt,Eureka,2014,Full,Active,Submitted,40,3076.64,872,19.329999999999998,97.7,Visitors,0.02,0,
122,"California Department of Transportation,  District 10",Caltrans,Stockton,95205,San Joaquin,Stockton,2011,Full,Active,Submitted,40,591.61,2064,1.57,140.5,Visitors,0,0,
122,"California Department of Transportation,  District 10",Caltrans,Stockton,95205,San Joaquin,Stockton,2012,Full,Active,Submitted,42,651.85,1567,2.28,140.5,Visitors,0,0,
122,"California Department of Transportation,  District 10",Caltrans,Stockton,95205,San Joaquin,Stockton,2013,Full,Active,Submitted,41,1811.9,1313,7.56,140.5,Visitors,0,0,
122,"California Department of Transportation,  District 10",Caltrans,Stockton,95205,San Joaquin,Stockton,2014,Full,Active,Submitted,41,376,950,2.17,140.5,Visitors,0,0,
123,"California Department of Transportation,  District 11",Caltrans,San Diego,92110,San Diego,San Diego,2011,Full,Active,Submitted,24,124227,1278,532.63,673.3,Visitors,68.069999999999993,12211.2,
123,"California Department of Transportation,  District 11",Caltrans,San Diego,92110,San Diego,San Diego,2012,Full,Active,Submitted,23,125358.7,1261,544.72,673.3,Visitors,68.69,12211.2,
123,"California Department of Transportation,  District 11",Caltrans,San Diego,92110,San Diego,San Diego,2013,Full,Active,Submitted,23,7321.03,1323,30.32,673.3,Visitors,4.01,12211.2,
123,"California Department of Transportation,  District 11",Caltrans,San Diego,92110,San Diego,San Diego,2014,Full,Active,Submitted,25,26166.48,1380,103.9,673.3,Visitors,0.05,12211.2,
124,"California Department of Transportation,  District 12",Caltrans,Irvine,92612,Orange,Irvine,2011,Full,Active,Submitted,19,13901,937,81.290000000000006,74.8,Visitors,8.550000000000001,148.30000000000001,
124,"California Department of Transportation,  District 12",Caltrans,Irvine,92612,Orange,Irvine,2012,Full,Active,Submitted,20,34220,1782,105.22,74.8,Visitors,24.86,148.30000000000001,
124,"California Department of Transportation,  District 12",Caltrans,Irvine,92612,Orange,Irvine,2013,Full,Active,Submitted,19,1889.54,897,11.54,74.8,Visitors,1.59,148.30000000000001,
124,"California Department of Transportation,  District 12",Caltrans,Irvine,92612,Orange,Irvine,2014,Full,Active,Submitted,19,5873,764,42.12,74.8,Visitors,4.74,148.30000000000001,
125,"California Department of Transportation,  District 2",Caltrans,Redding,96001,Shasta,Redding,2011,Full,Active,Submitted,42,1789.11,683,14.35,710.5,Visitors,0,0,
125,"California Department of Transportation,  District 2",Caltrans,Redding,96001,Shasta,Redding,2012,Full,Active,Submitted,42,1712.38,589,15.93,710.5,Visitors,0,0,
125,"California Department of Transportation,  District 2",Caltrans,Redding,96001,Shasta,Redding,2013,Full,Active,Submitted,42,4303.18,816,28.9,710.5,Visitors,0,0,
125,"California Department of Transportation,  District 2",Caltrans,Redding,96001,Shasta,Redding,2014,Full,Active,Submitted,41,1236.1199999999999,672,10.08,710.5,Visitors,0,0,
126,"California Department of Transportation,  District 3",Caltrans,Marysville,95901,Yuba,Marysville,2011,Full,Active,Submitted,42,31384,1317,130.57,149.5,Visitors,0.03,0,
126,"California Department of Transportation,  District 3",Caltrans,Marysville,95901,Yuba,Marysville,2012,Full,Active,Submitted,43,12444.77,1558,43.77,149.5,Visitors,0.02,0,
126,"California Department of Transportation,  District 3",Caltrans,Marysville,95901,Yuba,Marysville,2013,Full,Active,Submitted,40,20235.080000000002,1553,71.400000000000006,149.5,Visitors,0.02,0,
126,"California Department of Transportation,  District 3",Caltrans,Marysville,95901,Yuba,Marysville,2014,Full,Active,Submitted,54,20398.48,1293,86.44,149.5,Visitors,0.03,0,
127,"California Department of Transportation,  District 5",Caltrans,San Luis Obispo,93401,San Luis Obispo,San Luis Obispo,2011,Full,Active,Submitted,16,1856,670,15.18,67.2,Visitors,0.1,8.199999999999999,
127,"California Department of Transportation,  District 5",Caltrans,San Luis Obispo,93401,San Luis Obispo,San Luis Obispo,2012,Full,Active,Submitted,16,2159,1238,9.56,67.2,Visitors,0.01,8.199999999999999,
127,"California Department of Transportation,  District 5",Caltrans,San Luis Obispo,93401,San Luis Obispo,San Luis Obispo,2013,Full,Active,Submitted,15,2159,468,25.28,67.2,Visitors,0.01,8.199999999999999,
127,"California Department of Transportation,  District 5",Caltrans,San Luis Obispo,93401,San Luis Obispo,San Luis Obispo,2014,Full,Active,Submitted,16,2247,1114,11.05,67.2,Visitors,0.01,8.199999999999999,
128,"California Department of Transportation,  District 6",Caltrans,Fresno,93728,Fresno,Fresno,2011,Full,Active,Submitted,43,755,1854,2.23,27.5,Visitors,0.55,0,
128,"California Department of Transportation,  District 6",Caltrans,Fresno,93728,Fresno,Fresno,2012,Full,Active,Submitted,43,855,1854,2.53,27.5,Visitors,0.6,0,
128,"California Department of Transportation,  District 6",Caltrans,Fresno,93728,Fresno,Fresno,2013,Full,Active,Submitted,43,3101,1250,13.59,27.5,Visitors,2.02,0,
128,"California Department of Transportation,  District 6",Caltrans,Fresno,93728,Fresno,Fresno,2014,Full,Active,Submitted,43,4406,1265,19.079999999999998,27.5,Visitors,3.09,0,
129,"California Department of Transportation,  District 8",Caltrans,San Bernardino,92401,San Bernardino,San Bernardino,2011,Full,Active,Submitted,46,43180.33,1784,132.63,361.6,Visitors,1051.58,1325.9,
129,"California Department of Transportation,  District 8",Caltrans,San Bernardino,92401,San Bernardino,San Bernardino,2012,Full,Active,Submitted,48,32028.880000000001,1978,88.73,361.6,Visitors,780,1325.9,
129,"California Department of Transportation,  District 8",Caltrans,San Bernardino,92401,San Bernardino,San Bernardino,2013,Full,Active,Submitted,49,38133.33,1888,110.67,361.6,Visitors,708.3,1325.9,
129,"California Department of Transportation,  District 8",Caltrans,San Bernardino,92401,San Bernardino,San Bernardino,2014,Full,Active,Submitted,49,23036.44,1877,67.25,361.6,Visitors,319.56,1325.9,
130,"California Department of Transportation,  District 9",Caltrans,Bishop,93514,Inyo,Bishop,2011,Full,Active,Submitted,22,405.48,289,7.69,192.4,Visitors,0,0,
166,"California Parks and Recreation, Marin District",Park,Petaluma,94954,Sonoma,Mill Valley,2011,Full,Active,Submitted,7,187.88,70,14.71,17.2,Visitors,0,0,
130,"California Department of Transportation,  District 9",Caltrans,Bishop,93514,Inyo,Bishop,2012,Full,Active,Submitted,22,3021.04,295,56.11,192.4,Visitors,0.02,0,
130,"California Department of Transportation,  District 9",Caltrans,Bishop,93514,Inyo,Bishop,2013,Full,Active,Submitted,22,3925.84,277,77.66,192.4,Visitors,0.03,0,
130,"California Department of Transportation,  District 9",Caltrans,Bishop,93514,Inyo,Bishop,2014,Full,Active,Submitted,22,646.74,275,12.89,192.4,Visitors,0,0,
131,"California Department of Transportation, District 4",Caltrans,Oakland,94612,Alameda,Oakland,2011,Full,Active,Submitted,75,11011,3014,20.02,56.4,Visitors,8.66,0,
131,"California Department of Transportation, District 4",Caltrans,Oakland,94612,Alameda,Oakland,2012,Full,Active,Submitted,74,17492,3436,27.89,56.4,Visitors,248.31,0,
131,"California Department of Transportation, District 4",Caltrans,Oakland,94612,Alameda,Oakland,2013,Full,Active,Submitted,79,16846.919999999998,2960,31.19,56.4,Visitors,3.62,0,
131,"California Department of Transportation, District 4",Caltrans,Oakland,94612,Alameda,Oakland,2014,Full,Active,Submitted,79,11948,3998,16.38,56.4,Visitors,2.62,0,
132,"California Department of Transportation, District 7",Caltrans,Los Angeles,90012,Los Angeles,Los Angeles,2011,Full,Active,Submitted,30,69909,2902,132,321.3,Visitors,9.61,0,
132,"California Department of Transportation, District 7",Caltrans,Los Angeles,90012,Los Angeles,Los Angeles,2012,Full,Active,Submitted,29,124761.66,4040,169.21,321.3,Visitors,15.74,0,
132,"California Department of Transportation, District 7",Caltrans,Los Angeles,90012,Los Angeles,Los Angeles,2013,Full,Active,Submitted,29,39542.07,4365,49.64,321.3,Visitors,4.93,0,
132,"California Department of Transportation, District 7",Caltrans,Los Angeles,90012,Los Angeles,Los Angeles,2014,Full,Active,Submitted,29,144909.72,2849,278.7,321.3,Visitors,16.89,0,
138,California Exposition and State Fair,Fair,Sacramento,95814,Sacramento,Sacramento,2011,Full,Active,Submitted,1,1077.6400000000001,52,113.56,260.3,Visitors,0,0,
138,California Exposition and State Fair,General State Agency,Sacramento,95814,Sacramento,Sacramento,2011,Full,Active,Submitted,1,1077.6400000000001,52,113.56,260.3,Visitors,0,0,
138,California Exposition and State Fair,Fair,Sacramento,95814,Sacramento,Sacramento,2012,Full,Active,Submitted,1,748.66,40,102.56,260.3,Visitors,0,0,
138,California Exposition and State Fair,General State Agency,Sacramento,95814,Sacramento,Sacramento,2012,Full,Active,Submitted,1,748.66,40,102.56,260.3,Visitors,0,0,
138,California Exposition and State Fair,Fair,Sacramento,95814,Sacramento,Sacramento,2013,Full,Active,Submitted,1,919.14,50,100.73,260.3,Visitors,0,0,
138,California Exposition and State Fair,General State Agency,Sacramento,95814,Sacramento,Sacramento,2013,Full,Active,Submitted,1,919.14,50,100.73,260.3,Visitors,0,0,
138,California Exposition and State Fair,Fair,Sacramento,95814,Sacramento,Sacramento,2014,Full,Active,Submitted,1,1148,53,118.69,260.3,Visitors,0,0,
138,California Exposition and State Fair,General State Agency,Sacramento,95814,Sacramento,Sacramento,2014,Full,Active,Submitted,1,1148,53,118.69,260.3,Visitors,0,0,
138,California Exposition and State Fair,Fair,Sacramento,95814,Sacramento,Sacramento,2014,Full,Active,Submitted,1,1148,53,118.69,260.3,Visitors,0,0,
138,California Exposition and State Fair,General State Agency,Sacramento,95814,Sacramento,Sacramento,2014,Full,Active,Submitted,1,1148,53,118.69,260.3,Visitors,0,0,
143,California Highway Patrol,General State Agency,Sacramento,95811,Sacramento,West Sacramento,2011,Full,Active,Submitted,192,1277,10516,0.67,0.7,Residents,49.28,27.5,
143,California Highway Patrol,General State Agency,Sacramento,95811,Sacramento,West Sacramento,2012,Full,Active,Submitted,192,1458.89,10258,0.78,0.7,Residents,57.51,27.5,
143,California Highway Patrol,General State Agency,Sacramento,95811,Sacramento,West Sacramento,2013,Full,Active,Submitted,188,1307.25,10325,0.69,0.7,Residents,32.71,27.5,
143,California Highway Patrol,General State Agency,Sacramento,95811,Sacramento,West Sacramento,2014,Full,Active,Submitted,188,1468.75,10081,0.8,0.7,Residents,36.58,27.5,
147,"California Institution For Men, Chino",Correctional,Chino,91710-0128,San Bernardino,Chino,2011,Full,Active,Submitted,,2996.16,2100,7.82,7.8,Inmates,3.14,2.1,
147,"California Institution For Men, Chino",Correctional,Chino,91710-0128,San Bernardino,Chino,2012,Full,Active,Submitted,,3352.09,1728,10.63,7.8,Inmates,3.79,2.1,
147,"California Institution For Men, Chino",Correctional,Chino,91710-0128,San Bernardino,Chino,2013,Full,Active,Submitted,,1560,1792,4.77,7.8,Inmates,1.94,2.1,
147,"California Institution For Men, Chino",Correctional,Chino,91710-0128,San Bernardino,Chino,2014,Full,Active,Submitted,,2374.7199999999998,1702,7.65,7.8,Inmates,2.96,2.1,
148,California Institution for Women,Correctional,Corona,92880,San Bernardino,Corona,2011,Full,Active,Submitted,,2498.42,1065,12.85,8.1,Inmates,9.93,2.8,
148,California Institution for Women,Correctional,Corona,92880,San Bernardino,Corona,2012,Full,Active,Submitted,,2571.36,964,14.62,8.1,Inmates,7.88,2.8,
148,California Institution for Women,Correctional,Corona,92880,San Bernardino,Corona,2013,Full,Active,Submitted,,2832.12,1031,15.05,8.1,Inmates,8.34,2.8,
148,California Institution for Women,Correctional,Corona,92880,San Bernardino,Corona,2014,Full,Active,Submitted,,2939.61,1015,15.87,8.1,Inmates,10.09,2.8,
152,California Medical Facility,General State Agency,Vacaville,95687,Solano,Vacaville,2011,Full,Active,Submitted,,840,2100,2.19,5.7,Inmates,1.91,3.5,
152,California Medical Facility,Correctional,Vacaville,95687,Solano,Vacaville,2011,Full,Active,Submitted,,840,2100,2.19,5.7,Inmates,1.91,3.5,
152,California Medical Facility,General State Agency,Vacaville,95687,Solano,Vacaville,2012,Full,Active,Submitted,,819.24,2088,2.15,5.7,Inmates,1.95,3.5,
152,California Medical Facility,Correctional,Vacaville,95687,Solano,Vacaville,2012,Full,Active,Submitted,,819.24,2088,2.15,5.7,Inmates,1.95,3.5,
152,California Medical Facility,General State Agency,Vacaville,95687,Solano,Vacaville,2013,Full,Active,Submitted,,65.510000000000005,2522,0.14,5.7,Inmates,0.18,3.5,
152,California Medical Facility,Correctional,Vacaville,95687,Solano,Vacaville,2013,Full,Active,Submitted,,65.510000000000005,2522,0.14,5.7,Inmates,0.18,3.5,
152,California Medical Facility,General State Agency,Vacaville,95687,Solano,Vacaville,2014,Full,Active,Submitted,,174.59,2059,0.46,5.7,Inmates,0.44,3.5,
152,California Medical Facility,Correctional,Vacaville,95687,Solano,Vacaville,2014,Full,Active,Submitted,,174.59,2059,0.46,5.7,Inmates,0.44,3.5,
153,California Men's Colony,Correctional,San Luis Obispo,93409,San Luis Obispo,San Luis Obispo-Unincorporated,2011,Full,Active,Submitted,,2797.17,2000,7.66,8.800000000000001,Inmates,2.41,2.4,
384,Mule Creek State Prison,Correctional,Ione,95640,Amador,Ione,2014,Full,Active,Submitted,,1277.6400000000001,1225,5.71,9,Inmates,2.44,2.5,
153,California Men's Colony,Correctional,San Luis Obispo,93409,San Luis Obispo,San Luis Obispo-Unincorporated,2012,Full,Active,Submitted,,2464.23,1900,7.11,8.800000000000001,Inmates,2.33,2.4,
153,California Men's Colony,Correctional,San Luis Obispo,93409,San Luis Obispo,San Luis Obispo-Unincorporated,2013,Full,Active,Submitted,,2402.96,1983,6.64,8.800000000000001,Inmates,2.64,2.4,
153,California Men's Colony,Correctional,San Luis Obispo,93409,San Luis Obispo,San Luis Obispo-Unincorporated,2014,Full,Active,Submitted,,2307.0300000000002,1750,7.22,8.800000000000001,Inmates,3.16,2.4,
155,"California Parks and Recreation, Capital District",Park,Sacramento,95814,Sacramento,Sacramento,2011,Full,Active,Submitted,14,261.22000000000003,1356,1.06,14.2,Visitors,0,0,
155,"California Parks and Recreation, Capital District",Park,Sacramento,95814,Sacramento,Sacramento,2012,Full,Active,Submitted,14,258.20999999999998,1225,1.15,14.2,Visitors,0,0,
155,"California Parks and Recreation, Capital District",Park,Sacramento,95814,Sacramento,Sacramento,2013,Full,Active,Submitted,14,113.04,1257,0.49,14.2,Visitors,0,0,
155,"California Parks and Recreation, Capital District",Park,Sacramento,95814,Sacramento,Sacramento,2014,Full,Active,Submitted,14,120.48,1387,0.48,14.2,Visitors,0,0,
156,"California Parks and Recreation, Angeles District",Park,Calabasas,91302,Los Angeles,Calabasas,2011,Full,Active,Submitted,32,845,175,26.46,60.8,Visitors,0.02,0,
156,"California Parks and Recreation, Angeles District",Park,Calabasas,91302,Los Angeles,Calabasas,2012,Full,Active,Submitted,32,872,167,28.61,60.8,Visitors,0,0,
156,"California Parks and Recreation, Angeles District",Park,Calabasas,91302,Los Angeles,Calabasas,2013,Full,Active,Submitted,31,880,150,32.15,60.8,Visitors,1.61,0,
156,"California Parks and Recreation, Angeles District",Park,Calabasas,91302,Los Angeles,Calabasas,2014,Full,Active,Submitted,31,900,162,30.44,60.8,Visitors,0,0,
159,"California Parks and Recreation, Central Valley District",Park,Columbia,95310,Tuolumne,Tuolumne-Unincorporated,2011,Full,Active,Submitted,21,766.8,159,26.43,38.799999999999997,Visitors,0,0,
159,"California Parks and Recreation, Central Valley District",Park,Columbia,95310,Tuolumne,Tuolumne-Unincorporated,2012,Full,Active,Submitted,21,877.3,166,28.96,38.799999999999997,Visitors,0,0,
159,"California Parks and Recreation, Central Valley District",Park,Columbia,95310,Tuolumne,Tuolumne-Unincorporated,2013,Full,Active,Submitted,21,471.2,172,15.01,38.799999999999997,Visitors,0,0,
159,"California Parks and Recreation, Central Valley District",Park,Columbia,95310,Tuolumne,Tuolumne-Unincorporated,2014,Full,Active,Submitted,21,379.8,147,14.16,38.799999999999997,Visitors,0,0,
160,"California Parks and Recreation, Channel Coast District",Park,Ventura,93001,Sacramento,Ventura-Unincorporated,2011,Full,Active,Submitted,10,1109,241,25.21,57.9,Visitors,0,0,
160,"California Parks and Recreation, Channel Coast District",Park,Ventura,93001,Sacramento,Ventura-Unincorporated,2012,Full,Active,Submitted,10,1056,241,24.01,57.9,Visitors,0,0,
160,"California Parks and Recreation, Channel Coast District",Park,Ventura,93001,Sacramento,Ventura-Unincorporated,2013,Full,Active,Submitted,10,1350.85,241,30.71,57.9,Visitors,0,0,
160,"California Parks and Recreation, Channel Coast District",Park,Ventura,93001,Sacramento,Ventura-Unincorporated,2014,Full,Active,Submitted,9,728.14,240,16.62,57.9,Visitors,0,0,
161,"California Parks and Recreation, Colorado Desert District",Park,Borrego Springs,92004,San Diego,Imperial-Unincorporated,2011,Full,Active,Submitted,6,224,93,13.2,23.6,Visitors,0,0,
161,"California Parks and Recreation, Colorado Desert District",Park,Borrego Springs,92004,San Diego,Imperial-Unincorporated,2012,Full,Active,Submitted,6,264,90,16.07,23.6,Visitors,0,0,
161,"California Parks and Recreation, Colorado Desert District",Park,Borrego Springs,92004,San Diego,Imperial-Unincorporated,2013,Full,Active,Submitted,6,488.93,86,31.15,23.6,Visitors,0,0,
161,"California Parks and Recreation, Colorado Desert District",Park,Borrego Springs,92004,San Diego,Imperial-Unincorporated,2014,Full,Active,Submitted,6,207.9,94,12.12,23.6,Visitors,0,0,
162,"California Parks and Recreation, Diablo Vista District",Park,Petaluma,94954,Sonoma,Santa Rosa,2011,Full,Active,Submitted,14,304,58,28.72,25.8,Visitors,0,0,
162,"California Parks and Recreation, Diablo Vista District",Park,Petaluma,94954,Sonoma,Santa Rosa,2012,Full,Active,Submitted,14,316.55,45,38.54,25.8,Visitors,0,0,
162,"California Parks and Recreation, Diablo Vista District",Park,Petaluma,94954,Sonoma,Santa Rosa,2013,Full,Active,Submitted,14,191.09,45,23.27,25.8,Visitors,0,0,
162,"California Parks and Recreation, Diablo Vista District",Park,Petaluma,94954,Sonoma,Santa Rosa,2014,Full,Active,Submitted,13,178.33,80,12.21,25.8,Visitors,0,0,
164,"California Parks and Recreation, Gold Field District ",Park,Folsom,95630,Sacramento,Folsom,2011,Full,Active,Submitted,6,569.70000000000005,61,51.17,186.9,Visitors,0,0,
164,"California Parks and Recreation, Gold Field District ",Park,Folsom,95630,Sacramento,Folsom,2012,Full,Active,Submitted,6,575,125,25.21,186.9,Visitors,0,0,
164,"California Parks and Recreation, Gold Field District ",Park,Folsom,95630,Sacramento,Folsom,2013,Full,Active,Submitted,6,540,56,52.84,186.9,Visitors,0,0,
164,"California Parks and Recreation, Gold Field District ",Park,Folsom,95630,Sacramento,Folsom,2014,Full,Active,Submitted,6,545,110,27.15,186.9,Visitors,0,0,
165,"California Parks and Recreation, Inland Empire District",Park,Perris,92571,Riverside,Perris,2011,Full,Active,Submitted,7,351.83,376,5.13,98.2,Visitors,0,0,
165,"California Parks and Recreation, Inland Empire District",Park,Perris,92571,Riverside,Perris,2012,Full,Active,Submitted,7,409.12,188,11.92,98.2,Visitors,0,0,
165,"California Parks and Recreation, Inland Empire District",Park,Perris,92571,Riverside,Perris,2013,Full,Active,Submitted,7,223.3,163,7.51,98.2,Visitors,0,0,
165,"California Parks and Recreation, Inland Empire District",Park,Perris,92571,Riverside,Perris,2014,Full,Active,Submitted,7,257,153,9.199999999999999,98.2,Visitors,0,0,
166,"California Parks and Recreation, Marin District",Park,Petaluma,94954,Sonoma,Mill Valley,2012,Full,Active,Submitted,7,187.88,121,8.51,17.2,Visitors,0,0,
166,"California Parks and Recreation, Marin District",Park,Petaluma,94954,Sonoma,Mill Valley,2013,Full,Active,Submitted,7,171.73,121,7.78,17.2,Visitors,0,0,
166,"California Parks and Recreation, Marin District",Park,Petaluma,94954,Sonoma,Mill Valley,2014,Full,Active,Submitted,7,334.62,77,23.81,17.2,Visitors,0,0,
167,"California Parks and Recreation, Mendocino District",Park,Mendocino,95460,Mendocino,Mendocino-Unincorporated,2011,Full,Active,Submitted,23,401.29,63,34.9,35,Visitors,0,0,
167,"California Parks and Recreation, Mendocino District",Park,Mendocino,95460,Mendocino,Mendocino-Unincorporated,2012,Full,Active,Submitted,23,425.1,68,34.25,35,Visitors,0,0,
167,"California Parks and Recreation, Mendocino District",Park,Mendocino,95460,Mendocino,Mendocino-Unincorporated,2013,Full,Active,Submitted,23,450.8,72,34.31,35,Visitors,0,0,
167,"California Parks and Recreation, Mendocino District",Park,Mendocino,95460,Mendocino,Mendocino-Unincorporated,2014,Full,Active,Submitted,22,399,52,42.04,35,Visitors,0,0,
168,"California Parks and Recreation, Monterey District",Park,Monterey,93940,Monterey,Monterey,2011,Full,Active,Submitted,34,739.78,185,21.91,26.6,Visitors,0,0,
168,"California Parks and Recreation, Monterey District",Park,Monterey,93940,Monterey,Monterey,2012,Full,Active,Submitted,34,852.61,329,14.2,26.6,Visitors,0,0,
168,"California Parks and Recreation, Monterey District",Park,Monterey,93940,Monterey,Monterey,2013,Full,Active,Submitted,35,921.66,410,12.32,26.6,Visitors,0,0,
168,"California Parks and Recreation, Monterey District",Park,Monterey,93940,Monterey,Monterey,2014,Full,Active,Submitted,35,802.35,409,10.75,26.6,Visitors,0,0,
169,"California Parks and Recreation, North Coast Redwood District",Park,Eureka,95501,Humboldt,Eureka,2011,Full,Active,Submitted,22,1400,79,97.1,97.4,Visitors,0.01,0,
169,"California Parks and Recreation, North Coast Redwood District",Park,Eureka,95501,Humboldt,Eureka,2012,Full,Active,Submitted,22,1400,176,43.59,97.4,Visitors,0,0,
169,"California Parks and Recreation, North Coast Redwood District",Park,Eureka,95501,Humboldt,Eureka,2013,Full,Active,Submitted,22,1120,132,46.49,97.4,Visitors,0,0,
169,"California Parks and Recreation, North Coast Redwood District",Park,Eureka,95501,Humboldt,Eureka,2014,Full,Active,Submitted,22,1176,408,15.79,97.4,Visitors,0,0,
170,"California Parks and Recreation, Northern Buttes District",Park,Oroville,95966,Butte,Oroville,2011,Full,Active,Submitted,18,987.43,146,37.06,101.8,Visitors,0,0,
170,"California Parks and Recreation, Northern Buttes District",Park,Oroville,95966,Butte,Oroville,2012,Full,Active,Submitted,18,1134.18,139,44.71,101.8,Visitors,0,0,
170,"California Parks and Recreation, Northern Buttes District",Park,Oroville,95966,Butte,Oroville,2013,Full,Active,Submitted,18,1309.3399999999999,202,35.520000000000003,101.8,Visitors,0,0,
170,"California Parks and Recreation, Northern Buttes District",Park,Oroville,95966,Butte,Oroville,2014,Full,Active,Submitted,17,955.05,148,35.36,101.8,Visitors,0,0,
171,"California Parks and Recreation, Orange Coast District",Park,San Clemente,92672,Orange,San Clemente,2011,Full,Active,Submitted,7,2331,475,26.89,41.5,Visitors,0.01,0,
171,"California Parks and Recreation, Orange Coast District",Park,San Clemente,92672,Orange,San Clemente,2012,Full,Active,Submitted,7,2185,500,23.95,41.5,Visitors,0,0,
171,"California Parks and Recreation, Orange Coast District",Park,San Clemente,92672,Orange,San Clemente,2013,Full,Active,Submitted,7,2272,500,24.9,41.5,Visitors,0,0,
171,"California Parks and Recreation, Orange Coast District",Park,San Clemente,92672,Orange,San Clemente,2014,Full,Active,Submitted,7,3040,465,35.82,41.5,Visitors,0,0,
172,"California Parks and Recreation, Russian River District",Park,Duncans Mills,95430,Sonoma,Sonoma-Unincorporated,2011,Full,Active,Submitted,7,116.9,91,7.04,25,Visitors,0,0,
172,"California Parks and Recreation, Russian River District",Park,Duncans Mills,95430,Sonoma,Sonoma-Unincorporated,2012,Full,Active,Submitted,7,108.52,91,6.53,25,Visitors,0,0,
172,"California Parks and Recreation, Russian River District",Park,Duncans Mills,95430,Sonoma,Sonoma-Unincorporated,2013,Full,Active,Submitted,7,241.37,87,15.2,25,Visitors,0,0,
172,"California Parks and Recreation, Russian River District",Park,Duncans Mills,95430,Sonoma,Sonoma-Unincorporated,2014,Full,Active,Submitted,7,206.98,87,13.04,25,Visitors,0,0,
173,"California Parks and Recreation, San Diego Coast District",Park,San Diego,92110,San Diego,San Diego,2011,Full,Active,Submitted,12,900,230,21.44,33.299999999999997,Visitors,0,0,
173,"California Parks and Recreation, San Diego Coast District",Park,San Diego,92110,San Diego,San Diego,2012,Full,Active,Submitted,12,1107.53,240,25.29,33.299999999999997,Visitors,0,0,
173,"California Parks and Recreation, San Diego Coast District",Park,San Diego,92110,San Diego,San Diego,2013,Full,Active,Submitted,12,1231.1300000000001,280,24.09,33.299999999999997,Visitors,0,0,
173,"California Parks and Recreation, San Diego Coast District",Park,San Diego,92110,San Diego,San Diego,2014,Full,Active,Submitted,12,189.94,241,4.32,33.299999999999997,Visitors,0,0,
175,"California Parks and Recreation, San Luis Obispo Coast District",Park,San Simeon,93452,San Luis Obispo,San Luis Obispo-Unincorporated,2011,Full,Active,Submitted,17,790,161,26.89,79.900000000000006,Visitors,0,0,
175,"California Parks and Recreation, San Luis Obispo Coast District",Park,San Simeon,93452,San Luis Obispo,San Luis Obispo-Unincorporated,2012,Full,Active,Submitted,17,744.5,161,25.34,79.900000000000006,Visitors,0,0,
175,"California Parks and Recreation, San Luis Obispo Coast District",Park,San Simeon,93452,San Luis Obispo,San Luis Obispo-Unincorporated,2013,Full,Active,Submitted,17,606,161,20.62,79.900000000000006,Visitors,0,0,
175,"California Parks and Recreation, San Luis Obispo Coast District",Park,San Simeon,93452,San Luis Obispo,San Luis Obispo-Unincorporated,2014,Full,Active,Submitted,17,697.03,161,23.72,79.900000000000006,Visitors,0,0,
177,"California Parks and Recreation, Santa Cruz District",Park,Felton,95018,Santa Cruz,Santa Cruz-Unincorporated,2011,Full,Active,Submitted,32,1715,320,29.37,34,Visitors,0,0,
177,"California Parks and Recreation, Santa Cruz District",Park,Felton,95018,Santa Cruz,Santa Cruz-Unincorporated,2012,Full,Active,Submitted,32,1423.64,321,24.3,34,Visitors,0,0,
177,"California Parks and Recreation, Santa Cruz District",Park,Felton,95018,Santa Cruz,Santa Cruz-Unincorporated,2013,Full,Active,Submitted,32,791.12,560,7.74,34,Visitors,0,0,
177,"California Parks and Recreation, Santa Cruz District",Park,Felton,95018,Santa Cruz,Santa Cruz-Unincorporated,2014,Full,Active,Submitted,32,758.47,505,8.23,34,Visitors,0,0,
178,"California Parks and Recreation, Sierra District",Park,Tahoma,96142,El Dorado,El Dorado-Unincorporated,2011,Full,Active,Submitted,18,547.1,203,14.77,49.1,Visitors,0,0,
178,"California Parks and Recreation, Sierra District",Park,Tahoma,96142,El Dorado,El Dorado-Unincorporated,2012,Full,Active,Submitted,18,543.05999999999995,168,17.71,49.1,Visitors,0,0,
178,"California Parks and Recreation, Sierra District",Park,Tahoma,96142,El Dorado,El Dorado-Unincorporated,2013,Full,Active,Submitted,18,555.89,201,15.15,49.1,Visitors,0,0,
178,"California Parks and Recreation, Sierra District",Park,Tahoma,96142,El Dorado,El Dorado-Unincorporated,2014,Full,Active,Submitted,18,555.04,226,13.46,49.1,Visitors,0,0,
180,"California Parks and Recreation, Tehachapi District",Park,Lancaster,93536,Los Angeles,Hesperia,2011,Full,Active,Submitted,12,185,54,18.77,65.3,Visitors,0,0,
180,"California Parks and Recreation, Tehachapi District",Park,Lancaster,93536,Los Angeles,Hesperia,2012,Full,Active,Submitted,12,192,55,19.13,65.3,Visitors,0,0,
180,"California Parks and Recreation, Tehachapi District",Park,Lancaster,93536,Los Angeles,Hesperia,2013,Full,Active,Submitted,12,180,50,19.73,65.3,Visitors,0,0,
180,"California Parks and Recreation, Tehachapi District",Park,Lancaster,93536,Los Angeles,Hesperia,2014,Full,Active,Submitted,12,165,52,17.39,65.3,Visitors,0,0,
185,California Rehabilitation Center,General State Agency,Norco,92860-0991,Riverside,Norco,2011,Full,Active,Submitted,,715.27,1206,3.25,8,Inmates,0.59,1.9,
185,California Rehabilitation Center,Correctional,Norco,92860-0991,Riverside,Norco,2011,Full,Active,Submitted,,715.27,1206,3.25,8,Inmates,0.59,1.9,
185,California Rehabilitation Center,General State Agency,Norco,92860-0991,Riverside,Norco,2012,Full,Active,Submitted,,456.04,1153,2.17,8,Inmates,0,1.9,
185,California Rehabilitation Center,Correctional,Norco,92860-0991,Riverside,Norco,2012,Full,Active,Submitted,,456.04,1153,2.17,8,Inmates,0,1.9,
185,California Rehabilitation Center,General State Agency,Norco,92860-0991,Riverside,Norco,2013,Full,Active,Submitted,,2028,1135,9.789999999999999,8,Inmates,2.21,1.9,
185,California Rehabilitation Center,Correctional,Norco,92860-0991,Riverside,Norco,2013,Full,Active,Submitted,,2028,1135,9.789999999999999,8,Inmates,2.21,1.9,
185,California Rehabilitation Center,General State Agency,Norco,92860-0991,Riverside,Norco,2014,Full,Active,Submitted,,1512,1200,6.9,8,Inmates,2.44,1.9,
185,California Rehabilitation Center,Correctional,Norco,92860-0991,Riverside,Norco,2014,Full,Active,Submitted,,1512,1200,6.9,8,Inmates,2.44,1.9,
186,California School for the Blind,General State Agency,Fremont,94536,Alameda,Fremont,2011,Modified,Active,Submitted,1,,121,,0,Residents,0,0,
186,California School for the Blind,General State Agency,Fremont,94536,Alameda,Fremont,2012,Modified,Active,Submitted,,0,150,0,0,Residents,0,0,
186,California School for the Blind,General State Agency,Fremont,94536,Alameda,Fremont,2013,Modified,Active,Submitted,,0,150,0,0,Residents,0,0,
186,California School for the Blind,General State Agency,Fremont,94536,Alameda,Fremont,2014,Modified,Active,Submitted,,0,145,0,0,Residents,0,0,
187,California School for the Deaf - Fremont,General State Agency,Fremont,94538,Alameda,Fremont,2011,Full,Active,Submitted,,392.29,433,4.96,6.1,Students,5.05,5.6,
187,California School for the Deaf - Fremont,General State Agency,Fremont,94538,Alameda,Fremont,2012,Full,Active,Submitted,,401.41,403,5.46,6.1,Students,4.98,5.6,
187,California School for the Deaf - Fremont,General State Agency,Fremont,94538,Alameda,Fremont,2013,Full,Active,Submitted,,406.52,396,5.63,6.1,Students,4.94,5.6,
187,California School for the Deaf - Fremont,General State Agency,Fremont,94538,Alameda,Fremont,2014,Full,Active,Submitted,,237.5,398,3.27,6.1,Students,2.9,5.6,
188,"California School for the Deaf, Riverside",General State Agency,Riverside,92506,Riverside,Riverside,2011,Full,Active,Submitted,,187.2,393,2.61,3.8,Students,2.45,4,
188,"California School for the Deaf, Riverside",General State Agency,Riverside,92506,Riverside,Riverside,2012,Full,Active,Submitted,,202.8,342,3.25,3.8,Students,2.68,4,
188,"California School for the Deaf, Riverside",General State Agency,Riverside,92506,Riverside,Riverside,2013,Full,Active,Submitted,,212.1,344,3.38,3.8,Students,2.88,4,
188,"California School for the Deaf, Riverside",General State Agency,Riverside,92506,Riverside,Riverside,2014,Full,Active,Submitted,,212.1,350,3.32,3.8,Students,2.96,4,
190,California Science Center,General State Agency,Los Angeles,90037,Los Angeles,Los Angeles,2011,Full,Active,Submitted,2,650.44000000000005,350,10.18,60.3,Visitors,0,0,
190,California Science Center,General State Agency,Los Angeles,90037,Los Angeles,Los Angeles,2012,Full,Active,Submitted,2,953.22,349,14.97,60.3,Visitors,0,0,
190,California Science Center,General State Agency,Los Angeles,90037,Los Angeles,Los Angeles,2013,Full,Active,Submitted,2,418.02,293,7.82,60.3,Visitors,0,0,
190,California Science Center,General State Agency,Los Angeles,90037,Los Angeles,Los Angeles,2014,Full,Active,Submitted,2,209.03,285,4.02,60.3,Visitors,0,0,
194,California State Prison - Corcoran,Correctional,Corcoran,93212,Kings,Kings Waste and Recycling Authority,2011,Full,Active,Submitted,1,4752,2175,11.97,30.1,Inmates,5.67,11.6,
194,California State Prison - Corcoran,Correctional,Corcoran,93212,Kings,Kings Waste and Recycling Authority,2012,Full,Active,Submitted,1,3923,2175,9.880000000000001,30.1,Inmates,4.84,11.6,
194,California State Prison - Corcoran,Correctional,Corcoran,93212,Kings,Kings Waste and Recycling Authority,2013,Full,Active,Submitted,1,1731,2283,4.15,30.1,Inmates,3.79,11.6,
194,California State Prison - Corcoran,Correctional,Corcoran,93212,Kings,Kings Waste and Recycling Authority,2014,Full,Active,Submitted,1,1701,1988,4.69,30.1,Inmates,2.18,11.6,
195,California State Prison - Sacramento,Correctional,Represa,95671,Sacramento,Folsom,2011,Full,Active,Submitted,,1973,1775,6.09,6.7,Inmates,3.81,2.9,
195,California State Prison - Sacramento,Correctional,Represa,95671,Sacramento,Folsom,2012,Full,Active,Submitted,,1141,1701,3.68,6.7,Inmates,2.16,2.9,
195,California State Prison - Sacramento,Correctional,Represa,95671,Sacramento,Folsom,2013,Full,Active,Submitted,,1143,1649,3.8,6.7,Inmates,2.5,2.9,
195,California State Prison - Sacramento,Correctional,Represa,95671,Sacramento,Folsom,2014,Full,Active,Submitted,,1081.5999999999999,1850,3.2,6.7,Inmates,2.28,2.9,
196,"California State Prison, Los Angeles County",Correctional,Lancaster,93536,Los Angeles,Lancaster,2011,Full,Active,Submitted,,1380,1599,4.73,5.9,Inmates,1.92,2,
196,"California State Prison, Los Angeles County",Correctional,Lancaster,93536,Los Angeles,Lancaster,2012,Full,Active,Submitted,,1420.33,1472,5.29,5.9,Inmates,2.02,2,
196,"California State Prison, Los Angeles County",Correctional,Lancaster,93536,Los Angeles,Lancaster,2013,Full,Active,Submitted,,1348.44,1472,5.02,5.9,Inmates,2.05,2,
196,"California State Prison, Los Angeles County",Correctional,Lancaster,93536,Los Angeles,Lancaster,2014,Full,Active,Submitted,,1252.55,1361,5.04,5.9,Inmates,1.95,2,
197,California State Prison- Solano,Correctional,Vacaville,95696,Solano,Vacaville,2011,Full,Active,Submitted,,844.71,1219,3.8,9.699999999999999,Inmates,1.07,2.6,
197,California State Prison- Solano,Correctional,Vacaville,95696,Solano,Vacaville,2012,Full,Active,Submitted,,1545.69,1325,6.39,9.699999999999999,Inmates,2.05,2.6,
197,California State Prison- Solano,Correctional,Vacaville,95696,Solano,Vacaville,2013,Full,Active,Submitted,,1339.86,1256,5.85,9.699999999999999,Inmates,1.82,2.6,
197,California State Prison- Solano,Correctional,Vacaville,95696,Solano,Vacaville,2014,Full,Active,Submitted,,1395.62,1290,5.93,9.699999999999999,Inmates,1.99,2.6,
200,California State University Bakersfield,California State University,Bakersfield,93311,Kern,Bakersfield,2011,Full,Active,Submitted,1,302.16000000000003,998,1.66,4.3,Students,0.19,0.5,
200,California State University Bakersfield,California State University,Bakersfield,93311,Kern,Bakersfield,2012,Full,Active,Submitted,1,74.37,998,0.41,4.3,Students,0.05,0.5,
200,California State University Bakersfield,California State University,Bakersfield,93311,Kern,Bakersfield,2013,Full,Active,Submitted,1,79.5,1018,0.43,4.3,Students,0.06,0.5,
200,California State University Bakersfield,California State University,Bakersfield,93311,Kern,Bakersfield,2014,Full,Active,Submitted,1,610,1015,3.29,4.3,Students,0.38,0.5,
202,California State University Channel Islands,California State University,Camarillo,93012,Ventura,Camarillo,2011,Full,Active,Submitted,1,377,599,3.45,5,Students,0.49,1.6,
202,California State University Channel Islands,California State University,Camarillo,93012,Ventura,Camarillo,2012,Full,Active,Submitted,1,397,750,2.9,5,Students,0.48,1.6,
202,California State University Channel Islands,California State University,Camarillo,93012,Ventura,Camarillo,2013,Full,Active,Submitted,1,523,750,3.82,5,Students,0.56,1.6,
202,California State University Channel Islands,California State University,Camarillo,93012,Ventura,Camarillo,2014,Full,Active,Submitted,1,613.15,894,3.76,5,Students,0.66,1.6,
203,California State University Chico,California State University,Chico,95929-0925,Butte,Chico,2011,Full,Active,Submitted,1,1322.48,1834,3.95,14.2,Students,0.46,1.2,
203,California State University Chico,California State University,Chico,95929-0925,Butte,Chico,2012,Full,Active,Submitted,1,1171,1793,3.58,14.2,Students,0.42,1.2,
210,California State University Maritime Academy,California State University,Vallejo,94590,Solano,Vallejo,2011,Full,Active,Submitted,1,200.3,267,4.11,11.6,Students,1.3,2.8,
203,California State University Chico,California State University,Chico,95929-0925,Butte,Chico,2013,Full,Active,Submitted,1,1924.53,1847,5.71,14.2,Students,0.69,1.2,
203,California State University Chico,California State University,Chico,95929-0925,Butte,Chico,2014,Full,Active,Submitted,1,1031.83,1908,2.96,14.2,Students,0.35,1.2,
204,California State University Dominguez Hills,California State University,Carson,90747,Los Angeles,Carson,2011,Full,Active,Submitted,,708,1296,2.99,2.9,Students,0.39,0.3,
204,California State University Dominguez Hills,California State University,Carson,90747,Los Angeles,Carson,2012,Full,Active,Submitted,,708,1290,3.01,2.9,Students,0.38,0.3,
204,California State University Dominguez Hills,California State University,Carson,90747,Los Angeles,Carson,2013,Full,Active,Submitted,,708,1306,2.97,2.9,Students,0.39,0.3,
204,California State University Dominguez Hills,California State University,Carson,90747,Los Angeles,Carson,2014,Full,Active,Submitted,,676.67,1306,2.84,2.9,Students,0.36,0.3,
205,California State University Fresno,California State University,Fresno,93740,Fresno,Fresno,2011,Full,Active,Submitted,,1446.09,2034,3.9,15.3,Students,0.36,1.7,
205,California State University Fresno,California State University,Fresno,93740,Fresno,Fresno,2012,Full,Active,Submitted,,1379,2099,3.6,15.3,Students,0.33,1.7,
205,California State University Fresno,California State University,Fresno,93740,Fresno,Fresno,2013,Full,Active,Submitted,,651,2500,1.43,15.3,Students,0.15,1.7,
205,California State University Fresno,California State University,Fresno,93740,Fresno,Fresno,2014,Full,Active,Submitted,,471,2550,1.01,15.3,Students,0.11,1.7,
206,California State University Fullerton,California State University,Fullerton,92834,Orange,Fullerton,2011,Full,Active,Submitted,1,5408.5,3790,7.82,6.8,Students,0.82,0.8,
206,California State University Fullerton,California State University,Fullerton,92834,Orange,Fullerton,2012,Full,Active,Submitted,1,5034.26,3745,7.37,6.8,Students,0.73,0.8,
206,California State University Fullerton,California State University,Fullerton,92834,Orange,Fullerton,2013,Full,Active,Submitted,1,5708.12,3901,8.02,6.8,Students,0.82,0.8,
206,California State University Fullerton,California State University,Fullerton,92834,Orange,Fullerton,2014,Full,Active,Submitted,1,2228.33,4071,3,6.8,Students,0.32,0.8,
207,California State University Hayward,California State University,Hayward,94542,Alameda,Hayward,2011,Full,Active,Submitted,1,810.89,2934,1.51,2.2,Students,0.34,0.3,
207,California State University Hayward,California State University,Hayward,94542,Alameda,Hayward,2012,Full,Active,Submitted,1,666.08,2887,1.26,2.2,Students,0.26,0.3,
207,California State University Hayward,California State University,Hayward,94542,Alameda,Hayward,2013,Full,Active,Submitted,1,717.84,2854,1.38,2.2,Students,0.27,0.3,
207,California State University Hayward,California State University,Hayward,94542,Alameda,Hayward,2014,Full,Active,Submitted,1,760.02,2917,1.43,2.2,Students,0.28,0.3,
208,California State University Long Beach,California State University,Long Beach,90840-5701,Los Angeles,Long Beach,2011,Full,Active,Submitted,1,1162,6412,0.99,4.6,Students,0.18,0.5,
208,California State University Long Beach,California State University,Long Beach,90840-5701,Los Angeles,Long Beach,2012,Full,Active,Submitted,1,1511,4198,1.97,4.6,Students,0.23,0.5,
208,California State University Long Beach,California State University,Long Beach,90840-5701,Los Angeles,Long Beach,2013,Full,Active,Submitted,1,1239,4262,1.59,4.6,Students,0.19,0.5,
208,California State University Long Beach,California State University,Long Beach,90840-5701,Los Angeles,Long Beach,2014,Full,Active,Submitted,1,2832,4456,3.48,4.6,Students,0.42,0.5,
209,California State University Los Angeles,California State University,Los Angeles,90032,Los Angeles,Los Angeles,2011,Full,Active,Submitted,2,359.41,2410,0.82,5.1,Students,0.09,0.6,
209,California State University Los Angeles,California State University,Los Angeles,90032,Los Angeles,Los Angeles,2012,Full,Active,Submitted,4,832.57,2381,1.92,5.1,Students,0.2,0.6,
209,California State University Los Angeles,California State University,Los Angeles,90032,Los Angeles,Los Angeles,2013,Full,Active,Submitted,4,902.8,2610,1.9,5.1,Students,0.21,0.6,
209,California State University Los Angeles,California State University,Los Angeles,90032,Los Angeles,Los Angeles,2014,Full,Active,Submitted,4,717.94,2747,1.43,5.1,Students,0.11,0.6,
210,California State University Maritime Academy,California State University,Vallejo,94590,Solano,Vallejo,2012,Full,Active,Submitted,1,218.2,271,4.41,11.6,Students,1.26,2.8,
210,California State University Maritime Academy,California State University,Vallejo,94590,Solano,Vallejo,2013,Full,Active,Submitted,1,256,286,4.9,11.6,Students,1.34,2.8,
210,California State University Maritime Academy,California State University,Vallejo,94590,Solano,Vallejo,2014,Full,Active,Submitted,1,234,301,4.26,11.6,Students,1.22,2.8,
211,California State University Monterey Bay,California State University,Seaside,93955,Monterey,Seaside,2011,Full,Active,Submitted,1,2926,950,16.88,90.5,Students,2.74,6.3,
211,California State University Monterey Bay,California State University,Seaside,93955,Monterey,Seaside,2012,Full,Active,Submitted,1,1352.89,1445,5.13,90.5,Students,1.11,6.3,
211,California State University Monterey Bay,California State University,Seaside,93955,Monterey,Seaside,2013,Full,Active,Submitted,1,2677.78,1523,9.630000000000001,90.5,Students,2.12,6.3,
211,California State University Monterey Bay,California State University,Seaside,93955,Monterey,Seaside,2014,Full,Active,Submitted,1,1136.93,1265,4.92,90.5,Students,0.79,6.3,
212,California State University Northridge,California State University,Northridge,91330,Los Angeles,Los Angeles Area Integrated Waste Management Authority,2011,Full,Active,Submitted,1,1429.56,4197,1.87,2.6,Students,0.21,0.3,
212,California State University Northridge,California State University,Northridge,91330,Los Angeles,Los Angeles Area Integrated Waste Management Authority,2012,Full,Active,Submitted,1,1255.01,3603,1.91,2.6,Students,0.19,0.3,
212,California State University Northridge,California State University,Northridge,91330,Los Angeles,Los Angeles Area Integrated Waste Management Authority,2013,Full,Active,Submitted,1,3938.42,3708,5.82,2.6,Students,0.56,0.3,
212,California State University Northridge,California State University,Northridge,91330,Los Angeles,Los Angeles Area Integrated Waste Management Authority,2014,Full,Active,Submitted,,3286.66,3905,4.61,2.6,Students,0.45,0.3,
213,California State University Pomona,California State University,Pomona,91768,Los Angeles,Pomona,2011,Full,Active,Submitted,1,1639.33,1867,4.81,7.8,Students,0.41,1,
213,California State University Pomona,California State University,Pomona,91768,Los Angeles,Pomona,2012,Full,Active,Submitted,1,2602.61,2079,6.86,7.8,Students,0.74,1,
213,California State University Pomona,California State University,Pomona,91768,Los Angeles,Pomona,2013,Full,Active,Submitted,1,2938.4,2618,6.15,7.8,Students,0.73,1,
213,California State University Pomona,California State University,Pomona,91768,Los Angeles,Pomona,2014,Full,Active,Submitted,1,3263.98,2629,6.8,7.8,Students,0.81,1,
214,California State University Sacramento,California State University,Sacramento,95819,Sacramento,Sacramento,2011,Full,Active,Submitted,1,1122.3699999999999,2695,2.28,5.6,Students,0.26,0.6,
214,California State University Sacramento,California State University,Sacramento,95819,Sacramento,Sacramento,2012,Full,Active,Submitted,1,1228.08,2854,2.36,5.6,Students,0.29,0.6,
214,California State University Sacramento,California State University,Sacramento,95819,Sacramento,Sacramento,2013,Full,Active,Submitted,1,1131.21,3584,1.73,5.6,Students,0.22,0.6,
214,California State University Sacramento,California State University,Sacramento,95819,Sacramento,Sacramento,2014,Full,Active,Submitted,1,1148.28,3133,2.01,5.6,Students,0.21,0.6,
215,California State University San Bernardino,California State University,San Bernardino,92407,San Bernardino,San Bernardino-Unincorporated,2011,Full,Active,Submitted,,1014.9,1412,3.94,9.199999999999999,Students,0.41,1,
215,California State University San Bernardino,California State University,San Bernardino,92407,San Bernardino,San Bernardino-Unincorporated,2012,Full,Active,Submitted,,1261.5,1412,4.9,9.199999999999999,Students,0.43,1,
215,California State University San Bernardino,California State University,San Bernardino,92407,San Bernardino,San Bernardino-Unincorporated,2013,Full,Active,Submitted,,1040.57,1490,3.83,9.199999999999999,Students,0.38,1,
215,California State University San Bernardino,California State University,San Bernardino,92407,San Bernardino,San Bernardino-Unincorporated,2014,Full,Active,Submitted,,1051.3399999999999,1490,3.87,9.199999999999999,Students,0.38,1,
216,California State University San Bernardino Palm Desert Campus,General State Agency,Palm Desert,92211,Riverside,Palm Desert,2011,Full,Active,Submitted,,62.4,50,6.84,6.1,Students,0.71,0.8,
216,California State University San Bernardino Palm Desert Campus,California State University,Palm Desert,92211,Riverside,Palm Desert,2011,Full,Active,Submitted,,62.4,50,6.84,6.1,Students,0.71,0.8,
216,California State University San Bernardino Palm Desert Campus,General State Agency,Palm Desert,92211,Riverside,Palm Desert,2012,Full,Active,Submitted,,62.4,50,6.84,6.1,Students,0.68,0.8,
216,California State University San Bernardino Palm Desert Campus,California State University,Palm Desert,92211,Riverside,Palm Desert,2012,Full,Active,Submitted,,62.4,50,6.84,6.1,Students,0.68,0.8,
216,California State University San Bernardino Palm Desert Campus,General State Agency,Palm Desert,92211,Riverside,Palm Desert,2013,Full,Active,Submitted,,53.23,49,5.95,6.1,Students,0.59,0.8,
216,California State University San Bernardino Palm Desert Campus,California State University,Palm Desert,92211,Riverside,Palm Desert,2013,Full,Active,Submitted,,53.23,49,5.95,6.1,Students,0.59,0.8,
216,California State University San Bernardino Palm Desert Campus,General State Agency,Palm Desert,92211,Riverside,Palm Desert,2014,Full,Active,Submitted,,53,49,5.93,6.1,Students,0.48,0.8,
216,California State University San Bernardino Palm Desert Campus,California State University,Palm Desert,92211,Riverside,Palm Desert,2014,Full,Active,Submitted,,53,49,5.93,6.1,Students,0.48,0.8,
217,California State University San Luis Obispo,California State University,San Luis Obispo,93407,San Luis Obispo,San Luis Obispo-Unincorporated,2011,Full,Active,Submitted,1,2770.52,2455,6.18,10,Students,0.81,1.4,
217,California State University San Luis Obispo,California State University,San Luis Obispo,93407,San Luis Obispo,San Luis Obispo-Unincorporated,2012,Full,Active,Submitted,1,2755.94,2655,5.69,10,Students,0.81,1.4,
217,California State University San Luis Obispo,California State University,San Luis Obispo,93407,San Luis Obispo,San Luis Obispo-Unincorporated,2013,Full,Active,Submitted,1,2062.27,2241,5.04,10,Students,0.6,1.4,
217,California State University San Luis Obispo,California State University,San Luis Obispo,93407,San Luis Obispo,San Luis Obispo-Unincorporated,2014,Full,Active,Submitted,1,2592.56,2930,4.85,10,Students,0,1.4,
218,California State University San Marcos,California State University,San Marcos,92096-0001,San Diego,San Marcos,2011,Full,Active,Submitted,4,647.1,1151,3.08,6.3,Students,0.35,1,
218,California State University San Marcos,California State University,San Marcos,92096-0001,San Diego,San Marcos,2012,Full,Active,Submitted,4,625.29999999999995,1192,2.87,6.3,Students,0.32,1,
218,California State University San Marcos,California State University,San Marcos,92096-0001,San Diego,San Marcos,2013,Full,Active,Submitted,4,573.1,1228,2.56,6.3,Students,0.28,1,
218,California State University San Marcos,California State University,San Marcos,92096-0001,San Diego,San Marcos,2014,Full,Active,Submitted,3,525,1344,2.14,6.3,Students,0.24,1,
219,California State University Stanislaus,California State University,Turlock,95382,Stanislaus,Turlock,2011,Full,Active,Submitted,1,375.28,935,2.2,4.4,Students,0.22,0.5,
219,California State University Stanislaus,California State University,Turlock,95382,Stanislaus,Turlock,2012,Full,Active,Submitted,1,349.6,916,2.09,4.4,Students,0.19,0.5,
219,California State University Stanislaus,California State University,Turlock,95382,Stanislaus,Turlock,2013,Full,Active,Submitted,1,397.2,956,2.28,4.4,Students,0.21,0.5,
219,California State University Stanislaus,California State University,Turlock,95382,Stanislaus,Turlock,2014,Full,Active,Submitted,1,452.73,1020,2.43,4.4,Students,0.26,0.5,
221,"California Substance Abuse Treatment Fac. & State Prison, Corcoran",Correctional,Corcoran,93212,Kings,Corcoran,2011,Full,Active,Submitted,,1980,1995,5.44,6.8,Inmates,1.64,1.7,
221,"California Substance Abuse Treatment Fac. & State Prison, Corcoran",Correctional,Corcoran,93212,Kings,Corcoran,2012,Full,Active,Submitted,,1827,1850,5.41,6.8,Inmates,1.81,1.7,
221,"California Substance Abuse Treatment Fac. & State Prison, Corcoran",Correctional,Corcoran,93212,Kings,Corcoran,2013,Full,Active,Submitted,,1792,1850,5.31,6.8,Inmates,1.77,1.7,
221,"California Substance Abuse Treatment Fac. & State Prison, Corcoran",Correctional,Corcoran,93212,Kings,Corcoran,2014,Full,Active,Submitted,,1892.16,1831,5.66,6.8,Inmates,1.87,1.7,
227,Calipatria State Prison,Correctional,Calipatria,92233,Imperial,Calipatria,2012,Full,Active,Submitted,1,1455.5,1209,6.6,11.3,Inmates,2.09,2.4,
227,Calipatria State Prison,Correctional,Calipatria,92233,Imperial,Calipatria,2013,Full,Active,Submitted,1,1342.84,1209,6.09,11.3,Inmates,2.07,2.4,
227,Calipatria State Prison,Correctional,Calipatria,92233,Imperial,Calipatria,2014,Full,Active,Submitted,1,829.86,1150,3.95,11.3,Inmates,1.17,2.4,
229,Canada College,Community College,Redwood City,94061,San Mateo,Redwood City,2011,Full,Active,Submitted,1,164,150,5.99,7.2,Students,0.14,0.2,
231,Centinela State Prison,Correctional,Imperial,92251,Imperial,Imperial,2011,Full,Active,Submitted,,1525,1250,6.68,6.9,Inmates,2.18,1.7,
231,Centinela State Prison,Correctional,Imperial,92251,Imperial,Imperial,2012,Full,Active,Submitted,,1205,1245,5.3,6.9,Inmates,0,1.7,
231,Centinela State Prison,Correctional,Imperial,92251,Imperial,Imperial,2013,Full,Active,Submitted,,1214.73,1137,5.85,6.9,Inmates,2.35,1.7,
231,Centinela State Prison,Correctional,Imperial,92251,Imperial,Imperial,2014,Full,Active,Submitted,,1225.8800000000001,1038,6.47,6.9,Inmates,2.04,1.7,
232,Central California's Women's Facility,Correctional,Chowchilla,93610,Madera,Chowchilla,2011,Full,Active,Submitted,,2002,1225,8.949999999999999,12.4,Inmates,0.71,3.5,
232,Central California's Women's Facility,Correctional,Chowchilla,93610,Madera,Chowchilla,2012,Full,Active,Submitted,,1491,1093,7.47,12.4,Inmates,2.06,3.5,
232,Central California's Women's Facility,Correctional,Chowchilla,93610,Madera,Chowchilla,2013,Full,Active,Submitted,,1428.56,1092,7.17,12.4,Inmates,0.24,3.5,
232,Central California's Women's Facility,Correctional,Chowchilla,93610,Madera,Chowchilla,2014,Full,Active,Submitted,,1137.4100000000001,1180,5.28,12.4,Inmates,0.3,3.5,
233,Cerritos Community College,Community College,Norwalk,90650-6203,Los Angeles,Norwalk,2011,Full,Active,Submitted,1,338,1260,1.47,1.6,Students,0.08,0.1,
234,Cerro Coso Community College,Community College,Ridgecrest,93555,Kern,Ridgecrest,2011,Full,Active,Submitted,4,174.96,189,5.07,6.2,Students,0.38,0.3,
235,Chabot College,Community College,Hayward,94555,Alameda,Hayward,2011,Full,Active,Submitted,1,191.93,674,1.56,0.7,Students,0.07,0.1,
236,Chaffey College,Community College,Rancho Cucamonga,91737,San Bernardino,Rancho Cucamonga,2011,Full,Active,Submitted,10,546.38,2960,1.01,14.6,Students,0.12,0.8,
238,Chuckawalla Valley State Prison,Correctional,Blythe,92225,Riverside,Blythe,2011,Full,Active,Submitted,3,663.34,805,4.52,8.699999999999999,Inmates,1.15,1.6,
238,Chuckawalla Valley State Prison,Correctional,Blythe,92225,Riverside,Blythe,2012,Full,Active,Submitted,2,687.61,826,4.56,8.699999999999999,Inmates,1.39,1.6,
238,Chuckawalla Valley State Prison,Correctional,Blythe,92225,Riverside,Blythe,2013,Full,Active,Submitted,2,768.88,759,5.55,8.699999999999999,Inmates,1.76,1.6,
238,Chuckawalla Valley State Prison,Correctional,Blythe,92225,Riverside,Blythe,2014,Full,Active,Submitted,2,789.38,779,5.55,8.699999999999999,Inmates,1.85,1.6,
239,Citrus College,Community College,Glendora,91741,Los Angeles,Glendora,2011,Full,Active,Submitted,1,727.65,775,5.14,12.1,Students,0.32,1,
240,City College of San Francisco,Community College,San Francisco,94103,San Francisco,San Francisco,2011,Full,Active,Submitted,11,843,3403,1.36,1.7,Students,0.05,0.1,
243,Coast Community College District Administration,Community College,Costa Mesa,92626,Orange,Costa Mesa,2011,Full,Active,Submitted,3,23.34,145,0.88,3.2,Students,0,0.5,
244,Coastline Community College,Community College,Fountain Valley,92708,Orange,Fountain Valley,2011,Full,Active,Submitted,3,164.43,430,2.1,3.1,Students,0.05,0.1,
245,College of Alameda,Community College,Alameda,94501,Alameda,Alameda,2011,Full,Active,Submitted,1,79.430000000000007,404,1.08,3.9,Students,0.06,0.3,
246,College of Marin,Community College,Kentfield,94904,Marin,Marin-Unincorporated,2011,Full,Active,Submitted,1,139.41,594,1.29,1.4,Students,0.09,0.1,
247,College of San Mateo,Community College,San Mateo,94402,San Mateo,San Mateo,2011,Full,Active,Submitted,2,282.79000000000002,687,2.26,5.3,Students,0.16,0.1,
248,College of the Desert,Community College,Palm Desert,92260,Riverside,Palm Desert,2011,Full,Active,Submitted,1,240.66,647,2.04,5.2,Students,0.13,0.4,
249,College of the Redwoods,Community College,Eureka,95501,Humboldt,Eureka,2011,Full,Active,Submitted,10,258,579,2.44,2.9,Students,0.23,0.2,
250,College of the Sequoias,Community College,Visalia,93277,Tulare,Visalia,2011,Full,Active,Submitted,3,427,1143,2.05,3.6,Students,0.19,0.2,
251,College of the Siskiyous,Community College,Weed,96094,Siskiyou,Weed,2011,Full,Active,Submitted,1,135,690,1.07,1.6,Students,0.03,0,
259,Compton Community College,Community College,Compton,90221-5393,Los Angeles,Compton,2011,Full,Active,Submitted,,127.47,430,1.62,2.2,Students,0.12,0.1,
260,Contra Costa Community College,Community College,San Pablo,94806,Contra Costa,West Contra Costa Integrated Waste Management Authority,2011,Full,Active,Submitted,,147.16999999999999,350,2.3,3,Students,0.11,0.1,
263,Copper Mountain Community College,Community College,Joshua Tree,92252,San Bernardino,Riverside-Unincorporated,2011,Full,Active,Submitted,1,47,200,1.29,0.8,Students,0.11,0.1,
264,Correctional Training Facility,Correctional,Soledad,93960-0686,Monterey,Soledad,2011,Full,Active,Submitted,,1780,1621,6.02,12.6,Inmates,1.49,2.6,
264,Correctional Training Facility,Correctional,Soledad,93960-0686,Monterey,Soledad,2012,Full,Active,Submitted,,1551.83,1432,5.94,12.6,Inmates,1.48,2.6,
264,Correctional Training Facility,Correctional,Soledad,93960-0686,Monterey,Soledad,2013,Full,Active,Submitted,,1558.75,1325,6.45,12.6,Inmates,1.58,2.6,
264,Correctional Training Facility,Correctional,Soledad,93960-0686,Monterey,Soledad,2014,Full,Active,Submitted,,1546,1396,6.07,12.6,Inmates,1.71,2.6,
266,Cosumnes River College,Community College,Sacramento,95823,Sacramento,Sacramento,2011,Full,Active,Submitted,1,127.81,590,1.19,6.9,Students,0.03,0.1,
268,Crafton Hills College,Community College,Yucaipa,92399,San Bernardino,Yucaipa,2011,Full,Active,Submitted,,132,300,2.41,9.300000000000001,Students,0.1,0.4,
269,"Cuesta Community College, San Luis Obispo",Community College,San Luis Obispo,93405-8106,San Luis Obispo,San Luis Obispo-Unincorporated,2011,Full,Active,Submitted,1,254,854,1.63,1.9,Students,0.12,0.1,
270,Cuyamaca Community College,Community College,El Cajon,92019-4304,San Diego,El Cajon,2011,Full,Active,Submitted,,128.5,495,1.42,2.6,Students,0.04,0.2,
271,Cypress College,Community College,Cypress,90630,Orange,Cypress,2011,Full,Active,Submitted,1,975.25,1135,4.71,4.9,Students,0.23,0.2,
272,De Anza Community College,Community College,Cupertino,95014,Santa Clara,Cupertino,2011,Full,Active,Submitted,,903.32,1488,3.33,3.1,Students,0.21,0.2,
295,"Department of Mental Health, Coalinga State Hospital",General State Agency,Coalinga,93210,Fresno,Coalinga,2011,Full,Active,Submitted,1,843.92,1629,2.84,1.8,Patients,4.55,2.7,
295,"Department of Mental Health, Coalinga State Hospital",General State Agency,Coalinga,93210,Fresno,Coalinga,2012,Full,Active,Submitted,1,785.08,1654,2.6,1.8,Patients,4,2.7,
295,"Department of Mental Health, Coalinga State Hospital",General State Agency,Coalinga,93210,Fresno,Coalinga,2013,Full,Active,Submitted,1,803.99,1746,2.52,1.8,Patients,3.82,2.7,
295,"Department of Mental Health, Coalinga State Hospital",General State Agency,Coalinga,93210,Fresno,Coalinga,2014,Full,Active,Submitted,1,812.84,1844,2.42,1.8,Patients,3.77,2.7,
307,Deuel Vocational Institution,Correctional,Tracy,95376,San Joaquin,Tracy,2011,Full,Active,Submitted,1,1755.56,1308,7.35,31.2,Inmates,2.53,10.7,
307,Deuel Vocational Institution,Correctional,Tracy,95376,San Joaquin,Tracy,2012,Full,Active,Submitted,,1193.57,1024,6.39,31.2,Inmates,2.62,10.7,
307,Deuel Vocational Institution,Correctional,Tracy,95376,San Joaquin,Tracy,2013,Full,Active,Submitted,,1051.06,943,6.11,31.2,Inmates,2.28,10.7,
307,Deuel Vocational Institution,Correctional,Tracy,95376,San Joaquin,Tracy,2014,Full,Active,Submitted,,1132,926,6.7,31.2,Inmates,2.33,10.7,
310,Diablo Valley College,Community College,Pleasant Hill,94523,Contra Costa,Pleasant Hill,2011,Full,Active,Submitted,1,266.45,2208,0.66,1.3,Students,0.06,0,
313,LACCD - East Los Angeles College,Community College,Monterey Park,91754,Los Angeles,Monterey Park,2011,Full,Active,Submitted,2,1014.9,960,5.79,8.699999999999999,Students,0.16,0.2,
314,El Camino College,Community College,Torrance,90506,Los Angeles,Torrance,2011,Full,Active,Submitted,1,453.03,1307,1.9,2.6,Students,0.1,0.3,
318,Estrella,Correctional,Paso Robles,93446,San Luis Obispo,San Luis Obispo-Unincorporated,2011,Full,Active,Submitted,1,3.9,7,3.05,3.5,Inmates,0,6.5,
318,Estrella,Correctional,Paso Robles,93446,San Luis Obispo,San Luis Obispo-Unincorporated,2012,Full,Active,Submitted,1,3.9,7,3.05,3.5,Inmates,0,6.5,
318,Estrella,Correctional,Paso Robles,93446,San Luis Obispo,San Luis Obispo-Unincorporated,2013,Full,Active,Submitted,1,3.9,7,3.05,3.5,Inmates,0,6.5,
318,Estrella,Correctional,Paso Robles,93446,San Luis Obispo,San Luis Obispo-Unincorporated,2014,Full,Active,Submitted,1,0,7,0,3.5,Inmates,0,6.5,
319,Evergreen Valley College,Community College,San Jose,95135-1598,Santa Clara,San Jose,2011,Full,Active,Submitted,1,112.37,541,1.14,5.3,Students,0.02,0.1,
322,Fairview Developmental Center,General State Agency,Costa Mesa,92626,Orange,Costa Mesa,2011,Full,Active,Submitted,1,843,1186,3.89,4.9,Patients,11.64,12,
322,Fairview Developmental Center,General State Agency,Costa Mesa,92626,Orange,Costa Mesa,2012,Full,Active,Submitted,,822,1090,4.13,4.9,Patients,9.960000000000001,12,
322,Fairview Developmental Center,General State Agency,Costa Mesa,92626,Orange,Costa Mesa,2013,Full,Active,Submitted,,829,1012,4.49,4.9,Patients,10.71,12,
322,Fairview Developmental Center,General State Agency,Costa Mesa,92626,Orange,Costa Mesa,2014,Full,Active,Submitted,,750,1012,4.06,4.9,Patients,10.56,12,
323,Feather River College,Community College,Quincy,95971,Plumas,Plumas-Unincorporated,2011,Full,Active,Submitted,1,85,235,1.98,13.6,Students,0.63,1.7,
324,Folsom Lake College,Community College,Folsom,95630,Sacramento,Folsom,2011,Full,Active,Submitted,2,121.5,750,0.89,1,Students,0,0,
325,Folsom State Prison,Correctional,Represa,95671,Sacramento,Folsom,2011,Full,Active,Submitted,,1203.77,1116,5.91,10.3,Inmates,2.27,2.3,
325,Folsom State Prison,Correctional,Represa,95671,Sacramento,Folsom,2012,Full,Active,Submitted,,1064.0999999999999,1005,5.8,10.3,Inmates,1.91,2.3,
325,Folsom State Prison,Correctional,Represa,95671,Sacramento,Folsom,2013,Full,Active,Submitted,,971.41,1032,5.16,10.3,Inmates,1.71,2.3,
325,Folsom State Prison,Correctional,Represa,95671,Sacramento,Folsom,2014,Full,Active,Submitted,,1083.5999999999999,968,6.13,10.3,Inmates,2.02,2.3,
326,Foothill College,Community College,Los Altos Hills,94022,Santa Clara,Cupertino,2011,Full,Active,Submitted,2,852.5,1257,3.72,6,Students,0.28,0.4,
327,Foothill College-Middlefield Campus,Community College,Palo Alto,94303,Santa Clara,Palo Alto,2011,Full,Active,Submitted,,34.700000000000003,15,12.68,17.5,Students,0.07,0.1,
330,Fresno City College,Community College,Fresno,93704,Fresno,Fresno,2011,Full,Active,Submitted,,327.81,1872,0.96,1.8,Students,0.08,0.1,
331,Fullerton College,Community College,Fullerton,92832,Orange,Fullerton,2011,Full,Active,Submitted,2,1571.31,1432,6.01,21.8,Students,0.39,0.9,
332,Gavilan Community College District,Community College,Gilroy,95020,Santa Clara,Gilroy,2011,Full,Active,Submitted,3,86.75,458,1.04,127.4,Students,0.1,4.3,
333,Glendale Community College,Community College,Glendale,91208,Los Angeles,Glendale,2011,Full,Active,Submitted,3,210.3,1147,1,0.9,Students,0.05,0.1,
334,Golden West College,Community College,Huntington Beach,92647-2748,Orange,Huntington Beach,2011,Full,Active,Submitted,,214.19,1292,0.91,3.8,Students,0.09,0.5,
336,Grossmont College,Community College,El Cajon,92020,San Diego,El Cajon,2011,Full,Active,Submitted,,421.64,969,2.38,1.1,Students,0.12,0.1,
337,Hartnell Community College,Community College,Salinas,93901,Monterey,Salinas,2011,Full,Active,Submitted,2,151.63,884,0.94,2.6,Students,0.11,0.2,
342,High Desert State Prison,Correctional,Susanville,96130,Lassen,Susanville,2011,Full,Active,Submitted,,1299.97,1239,5.75,5.9,Inmates,1.66,1.8,
342,High Desert State Prison,Correctional,Susanville,96130,Lassen,Susanville,2012,Full,Active,Submitted,,1108.54,1225,4.96,5.9,Inmates,0,1.8,
342,High Desert State Prison,Correctional,Susanville,96130,Lassen,Susanville,2013,Full,Active,Submitted,,1056.46,1222,4.74,5.9,Inmates,1.73,1.8,
342,High Desert State Prison,Correctional,Susanville,96130,Lassen,Susanville,2014,Full,Active,Submitted,,1027.49,1340,4.2,5.9,Inmates,1.67,1.8,
343,Humboldt State University,California State University,Arcata,95521,Humboldt,Arcata,2011,Full,Active,Submitted,4,833,1673,2.73,10.7,Students,0.54,1.9,
343,Humboldt State University,California State University,Arcata,95521,Humboldt,Arcata,2012,Full,Active,Submitted,4,657.07,2304,1.56,10.7,Students,0.42,1.9,
343,Humboldt State University,California State University,Arcata,95521,Humboldt,Arcata,2013,Full,Active,Submitted,4,550.84,2017,1.5,10.7,Students,0.36,1.9,
343,Humboldt State University,California State University,Arcata,95521,Humboldt,Arcata,2014,Full,Active,Submitted,5,626,2187,1.57,10.7,Students,0.39,1.9,
344,Imperial Community College District,Community College,Imperial,92251,Imperial,Imperial,2011,Full,Active,Submitted,,83.5,554,0.83,2.8,Students,0.06,0.2,
345,Ironwood State Prison,Correctional,Blythe,92225,Riverside,Blythe,2011,Full,Active,Submitted,3,711.32,1127,3.46,12.5,Inmates,0.97,3.4,
345,Ironwood State Prison,Correctional,Blythe,92225,Riverside,Blythe,2012,Full,Active,Submitted,2,460.66,1124,2.25,12.5,Inmates,0.72,3.4,
345,Ironwood State Prison,Correctional,Blythe,92225,Riverside,Blythe,2013,Full,Active,Submitted,2,491.31,1055,2.55,12.5,Inmates,0.82,3.4,
345,Ironwood State Prison,Correctional,Blythe,92225,Riverside,Blythe,2014,Full,Active,Submitted,2,3002.81,4261,3.86,12.5,Inmates,5.25,3.4,
346,Irvine Valley College,Community College,Irvine,92618,Orange,Irvine,2011,Full,Active,Submitted,,131.83000000000001,1076,0.67,5.5,Students,0.02,0.2,
348,Kern Valley State Prison,General State Agency,Delano,93215,Kern,Delano,2011,Full,Active,Submitted,,1515.59,1721,4.83,5.5,Inmates,1.79,1.8,
348,Kern Valley State Prison,Correctional,Delano,93215,Kern,Delano,2011,Full,Active,Submitted,,1515.59,1721,4.83,5.5,Inmates,1.79,1.8,
348,Kern Valley State Prison,General State Agency,Delano,93215,Kern,Delano,2012,Full,Active,Submitted,,1306.8699999999999,1615,4.43,5.5,Inmates,1.74,1.8,
348,Kern Valley State Prison,Correctional,Delano,93215,Kern,Delano,2012,Full,Active,Submitted,,1306.8699999999999,1615,4.43,5.5,Inmates,1.74,1.8,
348,Kern Valley State Prison,General State Agency,Delano,93215,Kern,Delano,2013,Full,Active,Submitted,,1223.99,1506,4.45,5.5,Inmates,1.8,1.8,
348,Kern Valley State Prison,Correctional,Delano,93215,Kern,Delano,2013,Full,Active,Submitted,,1223.99,1506,4.45,5.5,Inmates,1.8,1.8,
348,Kern Valley State Prison,General State Agency,Delano,93215,Kern,Delano,2014,Full,Active,Submitted,,1263.3599999999999,1528,4.53,5.5,Inmates,1.82,1.8,
348,Kern Valley State Prison,Correctional,Delano,93215,Kern,Delano,2014,Full,Active,Submitted,,1263.3599999999999,1528,4.53,5.5,Inmates,1.82,1.8,
349,LACCD - Educational Services Center,General State Agency,Los Angeles,90017,Los Angeles,Los Angeles,2011,Full,Active,Submitted,3,28.89,364,0.43,0.7,Students,6.33,0,
349,LACCD - Educational Services Center,Community College,Los Angeles,90017,Los Angeles,Los Angeles,2011,Full,Active,Submitted,3,28.89,364,0.43,0.7,Students,6.33,0,
349,LACCD - Educational Services Center,General State Agency,Los Angeles,90017,Los Angeles,Los Angeles,2012,Full,Active,Submitted,3,54.9,326,0.92,0.7,Students,4.63,0,
349,LACCD - Educational Services Center,Community College,Los Angeles,90017,Los Angeles,Los Angeles,2012,Full,Active,Submitted,3,54.9,326,0.92,0.7,Students,4.63,0,
350,Lake Tahoe Community College,Community College,South Lake Tahoe,96150,El Dorado,South Lake Tahoe,2011,Full,Active,Submitted,,25.9,110,1.29,3.7,Students,0.05,0.1,
351,Laney College,Community College,Oakland,94607,Alameda,Oakland,2011,Full,Active,Submitted,,159.41,229,3.81,5.1,Students,0.06,0.2,
352,Lanterman Developmental Center,General State Agency,Pomona,91769,Los Angeles,Pomona,2011,Full,Active,Submitted,,951.5,1010,5.16,5.7,Patients,17.670000000000002,18.2,
352,Lanterman Developmental Center,General State Agency,Pomona,91769,Los Angeles,Pomona,2012,Full,Active,Submitted,,655.20000000000005,889,4.04,5.7,Patients,16.7,18.2,
352,Lanterman Developmental Center,General State Agency,Pomona,91769,Los Angeles,Pomona,2013,Full,Active,Submitted,,624,846,4.04,5.7,Patients,33.520000000000003,18.2,
352,Lanterman Developmental Center,General State Agency,Pomona,91769,Los Angeles,Pomona,2014,Full,Active,Submitted,,531.77,547,5.33,5.7,Patients,54.98,18.2,
353,Las Positas College,Community College,Livermore,94551,Alameda,Hayward,2011,Full,Active,Submitted,,77.38,480,0.88,1,Students,0.05,0.2,
354,Lassen Community College,Community College,Susanville,96130,Lassen,Susanville,2011,Full,Active,Submitted,,146.44,125,6.42,10.5,Students,0.46,0.9,
356,Long Beach City College,Community College,Long Beach,90808,Los Angeles,Long Beach,2011,Full,Active,Submitted,1,417.18,2200,1.04,1.1,Students,0.09,0.1,
357,LACCD - Los Angeles City College,Community College,Los Angeles,90029,Los Angeles,Los Angeles,2011,Full,Active,Submitted,1,348.76,514,3.72,6.9,Students,0.1,0.2,
358,LACCD - Pierce College,Community College,Woodland Hills,91371,Los Angeles,Los Angeles-Unincorporated,2011,Full,Active,Submitted,1,471.85,912,2.83,7.8,Students,0.12,0.2,
359,LACCD - Los Angeles Harbor College,Community College,Wilmington,90744,Los Angeles,Los Angeles-Unincorporated,2011,Full,Active,Submitted,,296.69,968,1.68,16.2,Students,0.16,0.9,
360,LACCD - Los Angeles Mission College,Community College,Sylmar,91342,Los Angeles,Los Angeles-Unincorporated,2011,Full,Active,Submitted,2,132.51,748,0.97,4.5,Students,0.07,0.1,
361,LACCD - Los Angeles Southwest College,Community College,Los Angeles,90047,Los Angeles,Los Angeles,2011,Full,Active,Submitted,,127.57,622,1.12,9.199999999999999,Students,0.09,0.6,
362,LACCD - Los Angeles Trade-Technical College,Community College,Los Angeles,90015,Los Angeles,Los Angeles,2011,Full,Active,Submitted,1,317.72000000000003,1750,0.99,31.4,Students,0.14,0.8,
363,LACCD - Los Angeles Valley College,Community College,Valley Glen,91401,Los Angeles,Los Angeles-Unincorporated,2011,Full,Active,Submitted,1,330.6,847,2.14,3.8,Students,0.07,0.2,
365,Los Medanos College,Community College,Pittsburg,94565,Contra Costa,Pittsburg,2011,Full,Active,Submitted,1,254.32,684,2.04,2.7,Students,0.14,0.1,
366,Los Rios Community College District Office,Community College,Sacramento,95825,Sacramento,Sacramento-Unincorporated,2011,Full,Active,Submitted,3,35.28,306,0.63,0.9,Students,0.01,0,
366,Los Rios Community College District Office,Community College,Sacramento,95825,Sacramento,Sacramento-Unincorporated,2012,Full,Active,Not Submitted,,,,,0.9,Students,,0,
370,Mendocino-Lake Community College District,Community College,Ukiah,95482,Mendocino,Ukiah,2011,Full,Active,Submitted,1,54.59,154,1.94,7.2,Students,0.04,0.2,
371,Merced College,Community College,Merced,95348,Merced,Merced,2011,Modified,Active,Submitted,1,873,811,5.9,5.9,Students,0.41,0.7,
373,Merritt College,Community College,Oakland,94619,Alameda,Oakland,2011,Full,Active,Submitted,,76.08,155,2.69,4.9,Students,0.05,0.2,
374,Mesa College,Community College,San Diego,92111-4998,San Diego,San Diego,2011,Full,Active,Submitted,,188.98,1373,0.75,3.1,Students,0.04,0.2,
375,Metropolitan State Hospital,General State Agency,Norwalk,90650-2096,Los Angeles,Norwalk,2011,Full,Active,Submitted,,689.6,1435,2.63,5.6,Patients,6.08,13.2,
375,Metropolitan State Hospital,General State Agency,Norwalk,90650-2096,Los Angeles,Norwalk,2012,Full,Active,Submitted,,485.56,1339,1.99,5.6,Patients,4.16,13.2,
375,Metropolitan State Hospital,General State Agency,Norwalk,90650-2096,Los Angeles,Norwalk,2013,Full,Active,Submitted,,465.14,1440,1.77,5.6,Patients,3.81,13.2,
375,Metropolitan State Hospital,General State Agency,Norwalk,90650-2096,Los Angeles,Norwalk,2014,Full,Active,Submitted,,504.7,1470,1.88,5.6,Patients,3.79,13.2,
377,Miracosta Community College,Community College,Oceanside,92056,San Diego,Oceanside,2011,Full,Active,Submitted,3,393.64,465,4.64,17.8,Students,0.15,0.5,
378,Miramar College,Community College,San Diego,92126-2999,San Diego,San Diego-Unincorporated,2011,Full,Active,Submitted,,321.64,750,2.35,3.2,Students,0.13,0.2,
379,Mission Community College,Community College,Santa Clara,95054,Santa Clara,Santa Clara-Unincorporated,2011,Full,Active,Submitted,,122.2,278,2.41,5.2,Students,0.09,0.1,
380,Monterey Peninsula College,Community College,Monterey,93940,Monterey,Monterey,2011,Full,Active,Submitted,,183,610,1.64,3.4,Students,0.05,0.1,
381,Moorpark College,Community College,Moorpark,93021,Ventura,Moorpark,2011,Full,Active,Submitted,,114.53,649,0.97,3.3,Students,0.04,0.2,
382,Mt. San Antonio Community College District,Community College,Walnut,91789,Los Angeles,Walnut,2011,Full,Active,Submitted,1,547,2125,1.41,2.1,Students,0.09,0.1,
383,Mt. San Jacinto Community College District,Community College,San Jacinto,92583-2399,Riverside,San Jacinto,2011,Full,Active,Submitted,3,155.80000000000001,2366,0.36,1.9,Students,0.04,0.2,
384,Mule Creek State Prison,Correctional,Ione,95640,Amador,Ione,2011,Full,Active,Submitted,1,1813.06,1292,7.69,9,Inmates,2.88,2.5,
384,Mule Creek State Prison,Correctional,Ione,95640,Amador,Ione,2012,Full,Active,Submitted,,1044.52,930,6.15,9,Inmates,2.03,2.5,
385,Napa State Hospital,General State Agency,Napa,94558-6293,Napa,Napa,2011,Full,Active,Submitted,,1026.92,2286,2.46,2.7,Patients,4.78,2.3,
385,Napa State Hospital,General State Agency,Napa,94558-6293,Napa,Napa,2012,Full,Active,Submitted,1,937.21,4672,1.1,2.7,Patients,4.22,2.3,
385,Napa State Hospital,General State Agency,Napa,94558-6293,Napa,Napa,2013,Full,Active,Submitted,,865.3,2321,2.04,2.7,Patients,3.34,2.3,
385,Napa State Hospital,General State Agency,Napa,94558-6293,Napa,Napa,2014,Full,Active,Submitted,,916.14,2316,2.17,2.7,Patients,4.27,2.3,
386,Napa Valley Community College,Community College,Napa,94558,Napa,Napa,2011,Full,Active,Submitted,2,210,473,2.43,2.6,Students,0.12,0.1,
388,North Kern State Prison (NKSP),Correctional,Delano,93216,Kern,Delano,2011,Full,Active,Submitted,1,845.07,1561,2.97,7.2,Inmates,0.99,2,
388,North Kern State Prison (NKSP),Correctional,Delano,93216,Kern,Delano,2012,Full,Active,Submitted,1,1118.8900000000001,1504,4.08,7.2,Inmates,1.31,2,
388,North Kern State Prison (NKSP),Correctional,Delano,93216,Kern,Delano,2013,Full,Active,Submitted,,1145.72,1381,4.55,7.2,Inmates,1.34,2,
388,North Kern State Prison (NKSP),Correctional,Delano,93216,Kern,Delano,2014,Full,Active,Submitted,,1160.8599999999999,1341,4.74,7.2,Inmates,1.5,2,
391,Northern California Youth Correction Center,Correctional,Stockton,95215,San Joaquin,Stockton,2011,Full,Active,Submitted,2,440,961,2.51,6,Inmates,4.23,8.1,
391,Northern California Youth Correction Center,Correctional,Stockton,95215,San Joaquin,Stockton,2012,Full,Active,Submitted,2,420,1260,1.83,6,Inmates,5.41,8.1,
391,Northern California Youth Correction Center,Correctional,Stockton,95215,San Joaquin,Stockton,2013,Full,Active,Submitted,2,364.6,844,2.37,6,Inmates,4.7,8.1,
391,Northern California Youth Correction Center,Correctional,Stockton,95215,San Joaquin,Stockton,2014,Full,Active,Submitted,3,350.96,719,2.67,6,Inmates,4.91,8.1,
405,Ohlone College,Community College,Fremont,94539-0390,Alameda,Fremont,2011,Full,Active,Submitted,1,149,1100,0.74,6.9,Students,0.07,0.2,
406,Orange Coast College,Community College,Costa Mesa,92626,Orange,Costa Mesa,2011,Full,Active,Submitted,2,413.79,2249,1.01,3,Students,0.07,0.2,
409,Oxnard College,Community College,Oxnard,93033,Ventura,Oxnard,2011,Full,Active,Submitted,3,252.59,167,8.289999999999999,10.7,Students,0.19,0.4,
410,Palo Verde Community College,Community College,Blythe,92225,Riverside,Blythe,2011,Full,Active,Submitted,,14.38,199,0.4,1.4,Students,0.02,0.2,
412,Palomar Community College District,Community College,San Marcos,92069,San Diego,San Marcos,2011,Full,Active,Submitted,2,161,5318,0.17,1,Students,0.02,0.1,
413,Pasadena Area Community College District,Community College,Pasadena,91106,Los Angeles,Pasadena,2011,Full,Active,Submitted,4,1373.2,7249,1.04,3.7,Students,0.09,0.2,
414,Patton State Hospital,General State Agency,Patton,92369,San Bernardino,San Bernardino-Unincorporated,2011,Full,Active,Submitted,1,1181,2850,2.27,2.9,Patients,4.28,4.8,
414,Patton State Hospital,General State Agency,Patton,92369,San Bernardino,San Bernardino-Unincorporated,2012,Full,Active,Submitted,1,950,2617,1.99,2.9,Patients,3.26,4.8,
414,Patton State Hospital,General State Agency,Patton,92369,San Bernardino,San Bernardino-Unincorporated,2013,Full,Active,Submitted,1,957,2630,1.99,2.9,Patients,3.33,4.8,
414,Patton State Hospital,General State Agency,Patton,92369,San Bernardino,San Bernardino-Unincorporated,2014,Full,Active,Submitted,1,1004,2591,2.12,2.9,Patients,3.53,4.8,
415,Pelican Bay State Prison,Correctional,Crescent City,95532,Del Norte,Crescent City,2011,Full,Active,Submitted,,1022,1571,3.56,4.4,Inmates,1.75,1.9,
415,Pelican Bay State Prison,Correctional,Crescent City,95532,Del Norte,Crescent City,2012,Full,Active,Submitted,,1063.3399999999999,1437,4.05,4.4,Inmates,1.87,1.9,
415,Pelican Bay State Prison,Correctional,Crescent City,95532,Del Norte,Crescent City,2013,Full,Active,Submitted,,913.38,1325,3.78,4.4,Inmates,1.78,1.9,
415,Pelican Bay State Prison,Correctional,Crescent City,95532,Del Norte,Crescent City,2014,Full,Active,Submitted,,932.53,1340,3.81,4.4,Inmates,1.84,1.9,
418,Pleasant Valley State Prison,Correctional,Coalinga,93210,Fresno,Coalinga,2011,Full,Active,Submitted,,1074,1490,3.95,5.9,Inmates,1.29,1.7,
418,Pleasant Valley State Prison,Correctional,Coalinga,93210,Fresno,Coalinga,2012,Full,Active,Submitted,,1020.81,1373,4.07,5.9,Inmates,1.6,1.7,
418,Pleasant Valley State Prison,Correctional,Coalinga,93210,Fresno,Coalinga,2013,Full,Active,Submitted,,888.01,1285,3.79,5.9,Inmates,1.38,1.7,
418,Pleasant Valley State Prison,Correctional,Coalinga,93210,Fresno,Coalinga,2014,Full,Active,Submitted,1,891.3,3101,1.57,5.9,Inmates,1.53,1.7,
420,Porterville College,Community College,Porterville,93257,Tulare,Porterville,2011,Full,Active,Submitted,,82.24,241,1.87,2.3,Students,0,0.1,
421,Porterville Developmental Center,Correctional,Porterville,93257,Tulare,Porterville,2011,Full,Active,Submitted,,532.36,1522,1.92,33.9,Patients,4.47,93.9,
421,Porterville Developmental Center,General State Agency,Porterville,93257,Tulare,Porterville,2011,Full,Active,Submitted,,532.36,1522,1.92,33.9,Patients,4.47,93.9,
421,Porterville Developmental Center,Correctional,Porterville,93257,Tulare,Porterville,2012,Full,Active,Submitted,,418.16,1400,1.64,33.9,Patients,3.71,93.9,
421,Porterville Developmental Center,General State Agency,Porterville,93257,Tulare,Porterville,2012,Full,Active,Submitted,,418.16,1400,1.64,33.9,Patients,3.71,93.9,
421,Porterville Developmental Center,Correctional,Porterville,93257,Tulare,Porterville,2013,Full,Active,Submitted,,444.71,1276,1.91,33.9,Patients,4.19,93.9,
421,Porterville Developmental Center,General State Agency,Porterville,93257,Tulare,Porterville,2013,Full,Active,Submitted,,444.71,1276,1.91,33.9,Patients,4.19,93.9,
421,Porterville Developmental Center,Correctional,Porterville,93257,Tulare,Porterville,2014,Full,Active,Submitted,,437.74,1290,1.86,33.9,Patients,5.18,93.9,
421,Porterville Developmental Center,General State Agency,Porterville,93257,Tulare,Porterville,2014,Full,Active,Submitted,,437.74,1290,1.86,33.9,Patients,5.18,93.9,
425,R.A. McGee Correctional Training Center,Correctional,Galt,95632,Sacramento,Galt,2011,Full,Active,Submitted,1,41,178,1.26,3.4,Inmates,0.72,2.4,
425,R.A. McGee Correctional Training Center,Correctional,Galt,95632,Sacramento,Galt,2012,Full,Active,Submitted,1,35.659999999999997,230,0.85,3.4,Inmates,1.42,2.4,
425,R.A. McGee Correctional Training Center,Correctional,Galt,95632,Sacramento,Galt,2013,Full,Active,Submitted,1,46.9,290,0.89,3.4,Inmates,1.22,2.4,
425,R.A. McGee Correctional Training Center,Correctional,Galt,95632,Sacramento,Galt,2014,Full,Active,Submitted,1,55.43,1102,0.28,3.4,Inmates,2.55,2.4,
426,Rancho Santiago Community College District Office,Community College,Santa Ana,92706,Orange,Santa Ana,2011,Full,Active,Submitted,1,22.6,125,0.99,1.1,Students,1.24,0.3,
427,Reedley College,Community College,Reedley,93654,Fresno,Reedley,2011,Full,Active,Submitted,1,251,508,2.71,14.2,Students,0.25,0.4,
431,Richard J. Donovan Correctional Facility,Correctional,San Diego,92179,San Diego,San Diego-Unincorporated,2011,Full,Active,Submitted,1,1500,1700,4.83,5.5,Inmates,1.87,1.2,
431,Richard J. Donovan Correctional Facility,Correctional,San Diego,92179,San Diego,San Diego-Unincorporated,2012,Full,Active,Submitted,1,1218,1441,4.63,5.5,Inmates,1.76,1.2,
431,Richard J. Donovan Correctional Facility,Correctional,San Diego,92179,San Diego,San Diego-Unincorporated,2013,Full,Active,Submitted,1,1455.13,3128,2.55,5.5,Inmates,2.28,1.2,
431,Richard J. Donovan Correctional Facility,Correctional,San Diego,92179,San Diego,San Diego-Unincorporated,2014,Full,Active,Submitted,,1057.28,1530,3.79,5.5,Inmates,1.84,1.2,
432,Rio Hondo College,Community College,Whittier,90601,Los Angeles,Whittier,2011,Full,Active,Submitted,1,311.33,1143,1.49,6.4,Students,0.06,0.1,
433,Riverside Community College District,Community College,Riverside,92507,Riverside,Riverside,2011,Full,Active,Submitted,5,822.57,2042,2.21,1.8,Students,0.05,0.1,
434,Sacramento City College,Community College,Sacramento,95822,Sacramento,Sacramento,2011,Full,Active,Submitted,2,246.6,1308,1.03,1.4,Students,0.06,0.1,
436,Saddleback College,Community College,Mission Viejo,92692,Orange,Mission Viejo,2011,Full,Active,Submitted,1,1578.86,1803,4.8,26.7,Students,0.3,0.5,
437,Salinas Valley State Prison,Correctional,Soledad,93960,Monterey,Soledad,2011,Full,Active,Submitted,,1182.21,1505,4.3,6.2,Inmates,1.63,1.8,
437,Salinas Valley State Prison,Correctional,Soledad,93960,Monterey,Soledad,2012,Full,Active,Submitted,,1128.97,1573,3.93,6.2,Inmates,1.71,1.8,
437,Salinas Valley State Prison,Correctional,Soledad,93960,Monterey,Soledad,2013,Full,Active,Submitted,,1092.43,1573,3.81,6.2,Inmates,1.77,1.8,
437,Salinas Valley State Prison,Correctional,Soledad,93960,Monterey,Soledad,2014,Full,Active,Submitted,,1166.8499999999999,1500,4.26,6.2,Inmates,1.79,1.8,
438,San Bernardino Valley College,Community College,San Bernardino,92410,San Bernardino,San Bernardino-Unincorporated,2011,Full,Active,Submitted,1,3371,407,45.38,60,Students,0.96,1.7,
439,San Diego City College,Community College,San Diego,92101-4787,San Diego,San Diego,2011,Full,Active,Submitted,,170.4,1235,0.76,4.7,Students,0.05,0.2,
440,San Diego Community College (Continuing Education),Community College,San Diego,92113-1915,San Diego,San Diego,2011,Full,Active,Submitted,6,85.57,1436,0.33,2.7,Students,0.01,0,
441,San Diego Community College District Office,Community College,San Diego,92108-3883,San Diego,San Diego,2011,Full,Active,Submitted,2,13.34,376,0.19,1.8,Students,0.73,6.2,
442,San Diego State University,California State University,San Diego,92182,San Diego,San Diego-Unincorporated,2011,Full,Active,Submitted,1,2476,3861,3.51,8.5,Students,0.42,0.9,
442,San Diego State University,California State University,San Diego,92182,San Diego,San Diego-Unincorporated,2012,Full,Active,Submitted,1,2541.69,3905,3.57,8.5,Students,0.41,0.9,
442,San Diego State University,California State University,San Diego,92182,San Diego,San Diego-Unincorporated,2013,Full,Active,Submitted,1,2541.6999999999998,5813,2.4,8.5,Students,0.52,0.9,
442,San Diego State University,California State University,San Diego,92182,San Diego,San Diego-Unincorporated,2014,Full,Active,Submitted,1,2222.92,3647,3.34,8.5,Students,0.43,0.9,
445,San Francisco State University,California State University,San Francisco,94132,San Francisco,San Francisco,2011,Full,Active,Submitted,,458,3544,0.71,4,Students,0.08,0.5,
445,San Francisco State University,California State University,San Francisco,94132,San Francisco,San Francisco,2012,Full,Active,Submitted,1,1700,3554,2.62,4,Students,0.32,0.5,
445,San Francisco State University,California State University,San Francisco,94132,San Francisco,San Francisco,2013,Full,Active,Submitted,1,4141.6899999999996,3707,6.12,4,Students,0.76,0.5,
445,San Francisco State University,California State University,San Francisco,94132,San Francisco,San Francisco,2014,Full,Active,Submitted,1,1510,3261,2.54,4,Students,0.28,0.5,
446,San Joaquin Delta College,Community College,Stockton,95207,San Joaquin,Stockton,2011,Modified,Active,Submitted,3,489.61,1851,1.45,1.8,Students,0.18,0.2,
448,San Jose City College,Community College,San Jose,95128-2799,Santa Clara,San Jose,2011,Full,Active,Submitted,,152.77000000000001,491,1.7,24.5,Students,0.04,0.6,
449,San Jose State University,California State University,San Jose,95192-0010,Santa Clara,San Jose,2011,Full,Active,Submitted,4,471.18,3819,0.68,3.8,Students,0.11,0.4,
449,San Jose State University,California State University,San Jose,95192-0010,Santa Clara,San Jose,2012,Full,Active,Submitted,4,471.09,3421,0.75,3.8,Students,0.11,0.4,
449,San Jose State University,California State University,San Jose,95192-0010,Santa Clara,San Jose,2013,Full,Active,Submitted,4,429.6,3552,0.66,3.8,Students,0,0.4,
449,San Jose State University,California State University,San Jose,95192-0010,Santa Clara,San Jose,2014,Full,Active,Submitted,4,302.83999999999997,3190,0.52,3.8,Students,0.06,0.4,
450,San Quentin State Prison,Correctional,San Quentin,94964,Marin,Marin-Unincorporated,2011,Full,Active,Submitted,,2299.1999999999998,1713,7.35,8.1,Inmates,3.43,2.2,
450,San Quentin State Prison,Correctional,San Quentin,94964,Marin,Marin-Unincorporated,2012,Full,Active,Submitted,,1987.99,1684,6.47,8.1,Inmates,2.6,2.2,
450,San Quentin State Prison,Correctional,San Quentin,94964,Marin,Marin-Unincorporated,2013,Full,Active,Submitted,,1742.67,1500,6.37,8.1,Inmates,2.38,2.2,
450,San Quentin State Prison,Correctional,San Quentin,94964,Marin,Marin-Unincorporated,2014,Full,Active,Submitted,,1939,1800,5.9,8.1,Inmates,2.71,2.2,
451,Santa Ana College,Community College,Santa Ana,92706,Orange,Santa Ana,2011,Full,Active,Submitted,5,320.58,501,3.51,2.7,Students,0.08,0.1,
452,Santa Barbara Community College,Community College,Santa Barbara,93109,Santa Barbara,Santa Barbara,2011,Full,Active,Submitted,3,289,909,1.74,4.4,Students,0.09,0.1,
453,Santa Clarita Community College District,Community College,Santa Clarita,91355,Los Angeles,Santa Clarita,2011,Full,Active,Submitted,,611,1572,2.13,3.9,Students,0.15,0.2,
454,Santa Monica Community College District,Community College,Santa Monica,90405,Los Angeles,Santa Monica,2011,Full,Active,Submitted,7,303.7,1859,0.9,17.2,Students,0.06,1.4,
454,Santa Monica Community College District,Community College,Santa Monica,90405,Los Angeles,Santa Monica,2012,Full,Active,Not Submitted,,,,,17.2,Students,,1.4,
456,Santa Rosa Junior College,Community College,Santa Rosa,95401,Sonoma,Santa Rosa,2011,Full,Active,Submitted,5,637.24,2535,1.38,3.9,Students,0.08,0.2,
457,Santiago Canyon College,Community College,Orange,92869-4512,Orange,Orange,2011,Full,Active,Submitted,2,206.21,805,1.4,2.3,Students,0.14,0,
461,Shasta Tehama Trinity Community College District,Community College,Redding,96003,Shasta,Redding,2011,Full,Active,Submitted,5,289.3,369,4.3,5.1,Students,0.19,0.3,
462,Sierra Conservation Center,Park,Jamestown,95327,Tuolumne,Tuolumne-Unincorporated,2011,Full,Active,Submitted,21,507.73,1171,2.38,5.4,Inmates,0.19,1.1,
462,Sierra Conservation Center,Correctional,Jamestown,95327,Tuolumne,Tuolumne-Unincorporated,2011,Full,Active,Submitted,21,507.73,1171,2.38,5.4,Inmates,0.19,1.1,
462,Sierra Conservation Center,Park,Jamestown,95327,Tuolumne,Tuolumne-Unincorporated,2012,Full,Active,Submitted,21,666.69,1157,3.16,5.4,Inmates,0.27,1.1,
462,Sierra Conservation Center,Correctional,Jamestown,95327,Tuolumne,Tuolumne-Unincorporated,2012,Full,Active,Submitted,21,666.69,1157,3.16,5.4,Inmates,0.27,1.1,
462,Sierra Conservation Center,Park,Jamestown,95327,Tuolumne,Tuolumne-Unincorporated,2013,Full,Active,Submitted,21,638.67999999999995,1157,3.02,5.4,Inmates,0.26,1.1,
462,Sierra Conservation Center,Correctional,Jamestown,95327,Tuolumne,Tuolumne-Unincorporated,2013,Full,Active,Submitted,21,638.67999999999995,1157,3.02,5.4,Inmates,0.26,1.1,
462,Sierra Conservation Center,Park,Jamestown,95327,Tuolumne,Tuolumne-Unincorporated,2014,Full,Active,Submitted,21,608,1207,2.76,5.4,Inmates,0.07,1.1,
462,Sierra Conservation Center,Correctional,Jamestown,95327,Tuolumne,Tuolumne-Unincorporated,2014,Full,Active,Submitted,21,608,1207,2.76,5.4,Inmates,0.07,1.1,
463,Sierra Joint Community College District,Community College,Rocklin,95677,Placer,Rocklin,2011,Full,Active,Submitted,4,479,2316,1.13,2,Students,0.11,0.1,
464,Skyline College,Community College,San Bruno,94066,San Mateo,San Bruno,2011,Full,Active,Submitted,,145.37,550,1.45,11.8,Students,0.03,0.3,
465,Solano Community College,Community College,Fairfield,94534,Solano,Fairfield,2011,Full,Active,Submitted,7,250,787,1.74,8,Students,0.11,0.2,
467,Sonoma Developmental Center,General State Agency,Eldridge,95431,Sonoma,Sonoma-Unincorporated,2011,Full,Active,Submitted,1,2600,1431,9.960000000000001,5.8,Patients,26.09,16.3,
467,Sonoma Developmental Center,General State Agency,Eldridge,95431,Sonoma,Sonoma-Unincorporated,2012,Full,Active,Submitted,,2211.1999999999998,1386,8.74,5.8,Patients,24.38,16.3,
467,Sonoma Developmental Center,General State Agency,Eldridge,95431,Sonoma,Sonoma-Unincorporated,2013,Full,Active,Submitted,,2211,1421,8.529999999999999,5.8,Patients,26.17,16.3,
467,Sonoma Developmental Center,General State Agency,Eldridge,95431,Sonoma,Sonoma-Unincorporated,2014,Full,Active,Submitted,,2124,1287,9.039999999999999,5.8,Patients,28.04,16.3,
468,Sonoma State University,California State University,Rohnert Park,94928,Sonoma,Rohnert Park,2011,Full,Active,Submitted,2,565.1,2797,1.11,2.2,Students,0.36,0.6,
468,Sonoma State University,California State University,Rohnert Park,94928,Sonoma,Rohnert Park,2012,Full,Active,Submitted,2,521.92999999999995,1814,1.58,2.2,Students,0.33,0.6,
468,Sonoma State University,California State University,Rohnert Park,94928,Sonoma,Rohnert Park,2013,Full,Active,Submitted,2,410.88,1814,1.24,2.2,Students,0.26,0.6,
468,Sonoma State University,California State University,Rohnert Park,94928,Sonoma,Rohnert Park,2014,Full,Active,Submitted,2,437.2,1340,1.79,2.2,Students,0.26,0.6,
469,Southern Youth Correctional Reception Center and Clinic,Correctional,Norwalk,90650,Los Angeles,Norwalk,2011,Full,Closed,Not Submitted,,,,,3.1,Inmates,,5.4,
470,Southwestern Community College,Community College,Chula Vista,91910,San Diego,Chula Vista,2011,Full,Active,Submitted,4,510.42,2048,1.37,2.2,Students,0.15,0.2,
481,State of California Off Highway Motor Vehicle Division,General State Agency,Sacramento,95816,Sacramento,Sacramento,2011,Full,Active,Submitted,20,1258.25,496,13.9,19.100000000000001,Visitors,0,0,
481,State of California Off Highway Motor Vehicle Division,General State Agency,Sacramento,95816,Sacramento,Sacramento,2012,Full,Active,Submitted,20,1259.8499999999999,504,13.7,19.100000000000001,Visitors,0,0,
481,State of California Off Highway Motor Vehicle Division,General State Agency,Sacramento,95816,Sacramento,Sacramento,2013,Full,Active,Submitted,20,1701.15,503,18.53,19.100000000000001,Visitors,0,0,
481,State of California Off Highway Motor Vehicle Division,General State Agency,Sacramento,95816,Sacramento,Sacramento,2014,Full,Active,Submitted,19,1465,508,15.8,19.100000000000001,Visitors,0,0,
489,Valley State Prison,Correctional,Chowchilla,93610-0099,Madera,Chowchilla,2011,Full,Active,Submitted,,1711.41,1086,8.630000000000001,13,Inmates,2.02,3.5,
489,Valley State Prison,Correctional,Chowchilla,93610-0099,Madera,Chowchilla,2012,Full,Active,Submitted,,1443.43,886,8.93,13,Inmates,0,3.5,
489,Valley State Prison,Correctional,Chowchilla,93610-0099,Madera,Chowchilla,2013,Full,Active,Submitted,,965.52,957,5.53,13,Inmates,0,3.5,
489,Valley State Prison,Correctional,Chowchilla,93610-0099,Madera,Chowchilla,2014,Full,Active,Submitted,,1028,1018,5.53,13,Inmates,1.01,3.5,
490,Ventura College,Community College,Ventura,93003,Ventura,Ventura-Unincorporated,2011,Full,Active,Submitted,3,282.75,616,2.52,1.9,Students,0.11,0,
491,Ventura Youth Correctional Facility,Correctional,Camarillo,93010,Ventura,Camarillo,2011,Full,Active,Submitted,1,440,533,4.52,5.9,Inmates,7.13,9.4,
491,Ventura Youth Correctional Facility,Correctional,Camarillo,93010,Ventura,Camarillo,2012,Full,Active,Submitted,1,371.58,950,2.14,5.9,Inmates,6.79,9.4,
491,Ventura Youth Correctional Facility,Correctional,Camarillo,93010,Ventura,Camarillo,2013,Full,Active,Submitted,2,371.58,792,2.57,5.9,Inmates,9.01,9.4,
491,Ventura Youth Correctional Facility,Correctional,Camarillo,93010,Ventura,Camarillo,2014,Full,Active,Submitted,1,387.66,400,5.31,5.9,Inmates,9.970000000000001,9.4,
492,Veterans Home of Barstow,Veteran,Barstow,92311,San Bernardino,Barstow,2011,Full,Active,Submitted,,234,178,7.2,11.3,Patients,6.97,6.7,
492,Veterans Home of Barstow,Veteran,Barstow,92311,San Bernardino,Barstow,2012,Full,Active,Submitted,,234,196,6.54,11.3,Patients,6.78,6.7,
492,Veterans Home of Barstow,Veteran,Barstow,92311,San Bernardino,Barstow,2013,Full,Active,Submitted,,234,207,6.19,11.3,Patients,6.68,6.7,
492,Veterans Home of Barstow,Veteran,Barstow,92311,San Bernardino,Barstow,2014,Full,Active,Submitted,,234,224,5.72,11.3,Patients,0,6.7,
493,Veterans Home of California - Yountville,Veteran,Yountville,94599,Napa,Yountville,2011,Full,Active,Submitted,1,2362,969,13.36,15.8,Patients,11.92,12.9,
493,Veterans Home of California - Yountville,Veteran,Yountville,94599,Napa,Yountville,2012,Full,Active,Submitted,1,2328,947,13.47,15.8,Patients,12.01,12.9,
493,Veterans Home of California - Yountville,Veteran,Yountville,94599,Napa,Yountville,2013,Full,Active,Submitted,1,2320,926,13.73,15.8,Patients,12.13,12.9,
493,Veterans Home of California - Yountville,Veteran,Yountville,94599,Napa,Yountville,2014,Full,Active,Submitted,1,2260,902,13.73,15.8,Patients,12.66,12.9,
494,Veterans Home of California- Chula Vista,Veteran,Chula Vista,91911,San Diego,Chula Vista,2011,Full,Active,Submitted,1,295.82,379,4.28,5.1,Patients,3.62,0.1,
494,Veterans Home of California- Chula Vista,Veteran,Chula Vista,91911,San Diego,Chula Vista,2012,Full,Active,Submitted,1,295.23,478,3.38,5.1,Patients,5.37,0.1,
494,Veterans Home of California- Chula Vista,Veteran,Chula Vista,91911,San Diego,Chula Vista,2013,Full,Active,Submitted,1,269,650,2.27,5.1,Patients,4.82,0.1,
494,Veterans Home of California- Chula Vista,Veteran,Chula Vista,91911,San Diego,Chula Vista,2014,Full,Active,Submitted,1,347,650,2.93,5.1,Patients,6.21,0.1,
497,Victor Valley Community College District,Community College,Victorville,92395,San Bernardino,Victorville,2011,Full,Active,Submitted,1,315.08999999999997,1000,1.73,14.9,Students,0.17,0.5,
498,Wasco State Prison Reception Center,Correctional,Wasco,93280,Kern,Wasco,2011,Full,Active,Submitted,1,1268.1600000000001,1798,3.86,8.699999999999999,Inmates,1.17,2,
498,Wasco State Prison Reception Center,Correctional,Wasco,93280,Kern,Wasco,2012,Full,Active,Submitted,1,1256,3512,1.96,8.699999999999999,Inmates,1.17,2,
498,Wasco State Prison Reception Center,Correctional,Wasco,93280,Kern,Wasco,2013,Full,Active,Submitted,1,1289,3396,2.08,8.699999999999999,Inmates,1.18,2,
498,Wasco State Prison Reception Center,Correctional,Wasco,93280,Kern,Wasco,2014,Full,Active,Submitted,1,1264,2896,2.39,8.699999999999999,Inmates,1.38,2,
499,West Hills Community College - Coalinga,Community College,Coalinga,93210,Fresno,Coalinga,2011,Full,Active,Submitted,,168,374,2.46,3.3,Students,0.64,0.5,
500,West Hills Community College - Lemoore,Community College,Lemoore,93245,Kings,Lemoore,2011,Full,Active,Submitted,1,35,286,0.67,6.1,Students,0.03,0.1,
502,West Kern Community College District,Community College,Taft,93268,Kern,Taft,2011,Full,Active,Submitted,1,95,225,2.31,4.1,Students,0.27,0.6,
503,LACCD - West Los Angeles College,Community College,Culver City,90230,Los Angeles,Culver City,2011,Full,Active,Submitted,1,139,788,0.97,10.3,Students,0.08,0.2,
504,West Valley Community College,Community College,Saratoga,95070-5698,Santa Clara,Saratoga,2011,Full,Active,Submitted,,127.75,358,1.96,5.3,Students,0.07,0.2,
507,Yosemite Community College District,Community College,Modesto,95358,Stanislaus,Modesto,2011,Full,Active,Submitted,2,623.15,884,3.86,10.3,Students,0.11,0.3,
512,Yuba College-District Office,Community College,Marysville,95901,Yuba,Marysville,2011,Full,Active,Submitted,,78,660,0.65,7.2,Students,0.04,0.5,
1,1-A District Agricultural Association,Fair,Daly City,94014,San Mateo,San Francisco,2014,Full,Active,,,,,,4.5,Visitors,,0,
4,12th District Agricultural Association,Fair,Ukiah,95482,Mendocino,Ukiah,2014,Full,Active, No longer required to report ,1,,,,117.2,Visitors,,0,
5,13th District Agricultural Association,Fair,Yuba City,95991,Sutter,Yuba City,2014,Full,Active, No longer required to report ,1,,,,158.1,Visitors,,0,
7,15th District Agricultural Association,Fair,Bakersfield,93307-3950,Kern,Bakersfield,2014,Full,Active, No longer required to report ,,,,,88.5,Visitors,,0,
8,16th District Agricultural Association,Fair,Paso Robles,93446,San Luis Obispo,San Luis Obispo-Unincorporated,2014,Full,Active, No longer required to report ,1,,,,239.9,Visitors,,0,
9,17th District Agricultural Association,Fair,Grass Valley,95949,Nevada,Grass Valley,2014,Full,Active, No longer required to report ,1,,,,212.1,Visitors,,0,
11,19th District Agricultural Association,Fair,Santa Barbara,93105,Santa Barbara,Santa Barbara,2014,Full,Active, No longer required to report ,,,,,145.30000000000001,Visitors,,0,
13,20th District Agricultural Association,Fair,Auburn,95604,Placer,Auburn,2014,Full,Active, No longer required to report ,,,,,153.30000000000001,Visitors,,0,
14,21-A District Agricultural Association,Fair,Madera,93637,Madera,Madera,2014,Full,Active, No longer required to report ,,,,,200.9,Visitors,,0,
15,21st District Agricultural Association,Fair,Fresno,93702,Fresno,Fresno,2014,Full,Active, No longer required to report ,1,,,,291,Visitors,,0,
16,22nd District Agricultural Association,Fair,Del Mar,92014,San Diego,Del Mar,2014,Full,Active, No longer required to report ,1,,,,409.4,Visitors,,0,
17,23rd District Agricultural Association,Fair,Antioch,94509,Contra Costa,Antioch,2014,Full,Active, No longer required to report ,,,,,293.8,Visitors,,0,
18,24-A District Agricultural Association,Fair,Hanford,93230,Kings,Hanford,2014,Full,Active, No longer required to report ,,,,,484.8,Visitors,,0,
19,24th District Agricultural Association,Fair,Tulare,93274,Tulare,Tulare,2014,Full,Active, No longer required to report ,1,,,,305.2,Visitors,,0,
20,25th District Agricultural Association,Fair,Napa,94559,Napa,Napa,2014,Full,Active, No longer required to report ,,,,,389,Visitors,,0,
22,27th District Agricultural Association,Fair,Anderson,96007,Shasta,Anderson,2014,Full,Active, No longer required to report ,1,,,,187.3,Visitors,,0,
23,28th District Agricultural Association,Fair,Victorville,92395,San Bernardino,Victorville,2014,Full,Active, No longer required to report ,,,,,31,Visitors,,0,
25,2nd District Agricultural Association - San Joaquin County Fair,Fair,Stockton,95206,San Joaquin,Stockton,2014,Full,Active, No longer required to report ,,,,,181.4,Visitors,,0,
26,30th District Agricultural Association,Fair,Red Bluff,96080,Tehama,Red Bluff,2014,Full,Active, No longer required to report ,,,,,163.80000000000001,Visitors,,0,
27,31st District Agricultural Association,Fair,Ventura,93001,Ventura,San Buenaventura,2014,Full,Active, No longer required to report ,,,,,65.2,Visitors,,0,
28,32nd District Agricultural Association,Fair,Costa Mesa,92626,Orange,Costa Mesa,2014,Full,Active, No longer required to report ,,,,,156.80000000000001,Visitors,,0,
29,33rd District Agricultural Association,Fair,Tres Pinos,95075,San Benito,Hollister,2014,Full,Active, No longer required to report ,1,,,,90.4,Visitors,,0,
33,36th District Agricultural Association,Fair,Dixon,95620,Solano,Dixon,2014,Full,Active, No longer required to report ,1,,,,391.5,Visitors,,0,
34,37th District Agricultural Association,Fair,Santa Maria,93458,Santa Barbara,Santa Maria,2014,Full,Active, No longer required to report ,,,,,99.2,Visitors,,0,
35,38th District Agricultural Association,Fair,Turlock,95380,Stanislaus,Turlock,2014,Full,Active, No longer required to report ,1,,,,129.69999999999999,Visitors,,0,
36,39th District Agricultural Association,Fair,Angels Camp,95222,Calaveras,Calaveras County Regional Agency,2014,Full,Active, No longer required to report ,1,,,,155.30000000000001,Visitors,,0,
37,3rd District Agricultural Association,Fair,Chico,95928,Butte,Chico,2014,Full,Active, No longer required to report ,,,,,331.6,Visitors,,0,
38,40th District Agricultural Association,Fair,Woodland,95776,Yolo,Woodland,2014,Full,Active, No longer required to report ,1,,,,155.69999999999999,Visitors,,0,
39,41st District Agricultural Association,Fair,Crescent City,95531,Del Norte,Crescent City,2014,Full,Active, No longer required to report ,1,,,,632.70000000000005,Visitors,,0,
43,46th District Agricultural Association,Fair,Perris,92571,Riverside,Perris,2014,Full,Active, No longer required to report ,1,,,,34.200000000000003,Visitors,,0,
45,49th District Agricultural Association,Fair,Lakeport,95453,Lake,Lakeport,2014,Full,Active, No longer required to report ,,,,,75.8,Visitors,,0,
46,4th District Agricultural Association,Fair,Petaluma,94952,Sonoma,Petaluma,2014,Full,Active, No longer required to report ,1,,,,85.9,Visitors,,0,
47,50th District Agricultural Association,Fair,Lancaster,93536-8117,Los Angeles,Lancaster,2014,Full,Active, No longer required to report ,1,,,,100.9,Visitors,,0,
51,54th District Agricultural Association,Fair,Blythe,92225,Riverside,Blythe,2014,Full,Active, No longer required to report ,,,,,109,Visitors,,0,
52,7th District Agricultural Association,Fair,Monterey,93940,Monterey,Monterey,2014,Full,Active, No longer required to report ,,,,,49.2,Visitors,,0,
53,9th District Agricultural Association,Fair,Eureka,95503,Humboldt,Eureka,2014,Full,Active, No longer required to report ,1,,,,838.7,Visitors,,0,
57,Allan Hancock Joint Community College District,Community College,Santa Maria,93454-6399,Santa Barbara,Santa Maria,2014,Full,Active,Reporting requirement temporarily suspended ,1,,,,3.1,Students,,0.2,
58,American River College,Community College,Sacramento,95841,Sacramento,Sacramento-Unincorporated,2014,Full,Active,Reporting requirement temporarily suspended ,3,,,,2.2,Students,,0.1,
59,Antelope Valley Community College,Community College,Lancaster,93536,Los Angeles,Lancaster,2014,Full,Active,Reporting requirement temporarily suspended ,1,,,,1.8,Students,,0.1,
64,Bakersfield College,Community College,Bakersfield,93305,Kern,Bakersfield,2014,Full,Active,Reporting requirement temporarily suspended ,2,,,,5.4,Students,,0.2,
65,Barstow Community College,Community College,Barstow,92311,San Bernardino,Barstow,2014,Full,Active,Reporting requirement temporarily suspended ,2,,,,5.8,Students,,0.1,
66,Berkeley City College,Community College,Berkeley,94704,Alameda,Berkeley,2014,Full,Active,Reporting requirement temporarily suspended ,,,,,10.7,Students,,0.2,
90,Butte College,Community College,Oroville,95965-8399,Butte,Oroville,2014,Full,Active,Reporting requirement temporarily suspended ,3,,,,2.9,Students,,0.3,
91,Cabrillo College,Community College,Aptos,95003,Santa Cruz,Santa Cruz-Unincorporated,2014,Full,Active,Reporting requirement temporarily suspended ,,,,,1,Students,,0.1,
229,Canada College,Community College,Redwood City,94061,San Mateo,Redwood City,2014,Full,Active,Reporting requirement temporarily suspended ,1,,,,7.2,Students,,0.2,
233,Cerritos Community College,Community College,Norwalk,90650-6203,Los Angeles,Norwalk,2014,Full,Active,Reporting requirement temporarily suspended ,1,,,,1.6,Students,,0.1,
234,Cerro Coso Community College,Community College,Ridgecrest,93555,Kern,Ridgecrest,2014,Full,Active,Reporting requirement temporarily suspended ,4,,,,6.2,Students,,0.3,
235,Chabot College,Community College,Hayward,94555,Alameda,Hayward,2014,Full,Active,Reporting requirement temporarily suspended ,1,,,,0.7,Students,,0.1,
236,Chaffey College,Community College,Rancho Cucamonga,91737,San Bernardino,Rancho Cucamonga,2014,Full,Active,Reporting requirement temporarily suspended ,10,,,,14.6,Students,,0.8,
239,Citrus College,Community College,Glendora,91741,Los Angeles,Glendora,2014,Full,Active,Reporting requirement temporarily suspended ,1,,,,12.1,Students,,1,
240,City College of San Francisco,Community College,San Francisco,94103,San Francisco,San Francisco,2014,Full,Active,Reporting requirement temporarily suspended ,11,,,,1.7,Students,,0.1,
243,Coast Community College District Administration,Community College,Costa Mesa,92626,Orange,Costa Mesa,2014,Full,Active,Reporting requirement temporarily suspended ,3,,,,3.2,Students,,0.5,
244,Coastline Community College,Community College,Fountain Valley,92708,Orange,Fountain Valley,2014,Full,Active,Reporting requirement temporarily suspended ,3,,,,3.1,Students,,0.1,
245,College of Alameda,Community College,Alameda,94501,Alameda,Alameda,2014,Full,Active,Reporting requirement temporarily suspended ,1,,,,3.9,Students,,0.3,
246,College of Marin,Community College,Kentfield,94904,Marin,Marin-Unincorporated,2014,Full,Active,Reporting requirement temporarily suspended ,1,,,,1.4,Students,,0.1,
247,College of San Mateo,Community College,San Mateo,94402,San Mateo,San Mateo,2014,Full,Active,Reporting requirement temporarily suspended ,2,,,,5.3,Students,,0.1,
248,College of the Desert,Community College,Palm Desert,92260,Riverside,Palm Desert,2014,Full,Active,Reporting requirement temporarily suspended ,1,,,,5.2,Students,,0.4,
249,College of the Redwoods,Community College,Eureka,95501,Humboldt,Eureka,2014,Full,Active,Reporting requirement temporarily suspended ,10,,,,2.9,Students,,0.2,
250,College of the Sequoias,Community College,Visalia,93277,Tulare,Visalia,2014,Full,Active,Reporting requirement temporarily suspended ,3,,,,3.6,Students,,0.2,
251,College of the Siskiyous,Community College,Weed,96094,Siskiyou,Weed,2014,Full,Active,Reporting requirement temporarily suspended ,1,,,,1.6,Students,,0,
259,Compton Community College,Community College,Compton,90221-5393,Los Angeles,Compton,2014,Full,Active,Reporting requirement temporarily suspended ,,,,,2.2,Students,,0.1,
260,Contra Costa Community College,Community College,San Pablo,94806,Contra Costa,West Contra Costa Integrated Waste Management Authority,2014,Full,Active,Reporting requirement temporarily suspended ,,,,,3,Students,,0.1,
263,Copper Mountain Community College,Community College,Joshua Tree,92252,San Bernardino,Riverside-Unincorporated,2014,Full,Active,Reporting requirement temporarily suspended ,1,,,,0.8,Students,,0.1,
266,Cosumnes River College,Community College,Sacramento,95823,Sacramento,Sacramento,2014,Full,Active,Reporting requirement temporarily suspended ,1,,,,6.9,Students,,0.1,
268,Crafton Hills College,Community College,Yucaipa,92399,San Bernardino,Yucaipa,2014,Full,Active,Reporting requirement temporarily suspended ,,,,,9.300000000000001,Students,,0.4,
269,"Cuesta Community College, San Luis Obispo",Community College,San Luis Obispo,93405-8106,San Luis Obispo,San Luis Obispo-Unincorporated,2014,Full,Active,Reporting requirement temporarily suspended ,1,,,,1.9,Students,,0.1,
270,Cuyamaca Community College,Community College,El Cajon,92019-4304,San Diego,El Cajon,2014,Full,Active,Reporting requirement temporarily suspended ,,,,,2.6,Students,,0.2,
271,Cypress College,Community College,Cypress,90630,Orange,Cypress,2014,Full,Active,Reporting requirement temporarily suspended ,1,,,,4.9,Students,,0.2,
272,De Anza Community College,Community College,Cupertino,95014,Santa Clara,Cupertino,2014,Full,Active,Reporting requirement temporarily suspended ,,,,,3.1,Students,,0.2,
310,Diablo Valley College,Community College,Pleasant Hill,94523,Contra Costa,Pleasant Hill,2014,Full,Active,Reporting requirement temporarily suspended ,1,,,,1.3,Students,,0,
313,LACCD - East Los Angeles College,Community College,Monterey Park,91754,Los Angeles,Monterey Park,2014,Full,Active,Reporting requirement temporarily suspended ,2,,,,8.699999999999999,Students,,0.2,
314,El Camino College,Community College,Torrance,90506,Los Angeles,Torrance,2014,Full,Active,Reporting requirement temporarily suspended ,1,,,,2.6,Students,,0.3,
434,Sacramento City College,Community College,Sacramento,95822,Sacramento,Sacramento,2014,Full,Active,Reporting requirement temporarily suspended ,2,,,,1.4,Students,,0.1,
319,Evergreen Valley College,Community College,San Jose,95135-1598,Santa Clara,San Jose,2014,Full,Active,Reporting requirement temporarily suspended ,1,,,,5.3,Students,,0.1,
323,Feather River College,Community College,Quincy,95971,Plumas,Plumas-Unincorporated,2014,Full,Active,Reporting requirement temporarily suspended ,1,,,,13.6,Students,,1.7,
324,Folsom Lake College,Community College,Folsom,95630,Sacramento,Folsom,2014,Full,Active,Reporting requirement temporarily suspended ,2,,,,1,Students,,0,
326,Foothill College,Community College,Los Altos Hills,94022,Santa Clara,Cupertino,2014,Full,Active,Reporting requirement temporarily suspended ,2,,,,6,Students,,0.4,
327,Foothill College-Middlefield Campus,Community College,Palo Alto,94303,Santa Clara,Palo Alto,2014,Full,Active,Reporting requirement temporarily suspended ,,,,,17.5,Students,,0.1,
330,Fresno City College,Community College,Fresno,93704,Fresno,Fresno,2014,Full,Active,Reporting requirement temporarily suspended ,,,,,1.8,Students,,0.1,
331,Fullerton College,Community College,Fullerton,92832,Orange,Fullerton,2014,Full,Active,Reporting requirement temporarily suspended ,2,,,,21.8,Students,,0.9,
332,Gavilan Community College District,Community College,Gilroy,95020,Santa Clara,Gilroy,2014,Full,Active,Reporting requirement temporarily suspended ,3,,,,127.4,Students,,4.3,
333,Glendale Community College,Community College,Glendale,91208,Los Angeles,Glendale,2014,Full,Active,Reporting requirement temporarily suspended ,3,,,,0.9,Students,,0.1,
334,Golden West College,Community College,Huntington Beach,92647-2748,Orange,Huntington Beach,2014,Full,Active,Reporting requirement temporarily suspended ,,,,,3.8,Students,,0.5,
336,Grossmont College,Community College,El Cajon,92020,San Diego,El Cajon,2014,Full,Active,Reporting requirement temporarily suspended ,,,,,1.1,Students,,0.1,
337,Hartnell Community College,Community College,Salinas,93901,Monterey,Salinas,2014,Full,Active,Reporting requirement temporarily suspended ,2,,,,2.6,Students,,0.2,
344,Imperial Community College District,Community College,Imperial,92251,Imperial,Imperial,2014,Full,Active,Reporting requirement temporarily suspended ,,,,,2.8,Students,,0.2,
346,Irvine Valley College,Community College,Irvine,92618,Orange,Irvine,2014,Full,Active,Reporting requirement temporarily suspended ,,,,,5.5,Students,,0.2,
349,LACCD - Educational Services Center,Community College,Los Angeles,90017,Los Angeles,Los Angeles,2014,Full,Active,Reporting requirement temporarily suspended ,3,,,,0.7,Students,,0,
349,LACCD - Educational Services Center,Community College,Los Angeles,90017,Los Angeles,Los Angeles,2014,Full,Active,Reporting requirement temporarily suspended ,3,,,,0.7,Students,,0,
350,Lake Tahoe Community College,Community College,South Lake Tahoe,96150,El Dorado,South Lake Tahoe,2014,Full,Active,Reporting requirement temporarily suspended ,,,,,3.7,Students,,0.1,
351,Laney College,Community College,Oakland,94607,Alameda,Oakland,2014,Full,Active,Reporting requirement temporarily suspended ,,,,,5.1,Students,,0.2,
353,Las Positas College,Community College,Livermore,94551,Alameda,Hayward,2014,Full,Active,Reporting requirement temporarily suspended ,,,,,1,Students,,0.2,
354,Lassen Community College,Community College,Susanville,96130,Lassen,Susanville,2014,Full,Active,Reporting requirement temporarily suspended ,,,,,10.5,Students,,0.9,
356,Long Beach City College,Community College,Long Beach,90808,Los Angeles,Long Beach,2014,Full,Active,Reporting requirement temporarily suspended ,1,,,,1.1,Students,,0.1,
357,LACCD - Los Angeles City College,Community College,Los Angeles,90029,Los Angeles,Los Angeles,2014,Full,Active,Reporting requirement temporarily suspended ,1,,,,6.9,Students,,0.2,
358,LACCD - Pierce College,Community College,Woodland Hills,91371,Los Angeles,Los Angeles-Unincorporated,2014,Full,Active,Reporting requirement temporarily suspended ,1,,,,7.8,Students,,0.2,
359,LACCD - Los Angeles Harbor College,Community College,Wilmington,90744,Los Angeles,Los Angeles-Unincorporated,2014,Full,Active,Reporting requirement temporarily suspended ,,,,,16.2,Students,,0.9,
360,LACCD - Los Angeles Mission College,Community College,Sylmar,91342,Los Angeles,Los Angeles-Unincorporated,2014,Full,Active,Reporting requirement temporarily suspended ,2,,,,4.5,Students,,0.1,
361,LACCD - Los Angeles Southwest College,Community College,Los Angeles,90047,Los Angeles,Los Angeles,2014,Full,Active,Reporting requirement temporarily suspended ,,,,,9.199999999999999,Students,,0.6,
362,LACCD - Los Angeles Trade-Technical College,Community College,Los Angeles,90015,Los Angeles,Los Angeles,2014,Full,Active,Reporting requirement temporarily suspended ,1,,,,31.4,Students,,0.8,
363,LACCD - Los Angeles Valley College,Community College,Valley Glen,91401,Los Angeles,Los Angeles-Unincorporated,2014,Full,Active,Reporting requirement temporarily suspended ,1,,,,3.8,Students,,0.2,
365,Los Medanos College,Community College,Pittsburg,94565,Contra Costa,Pittsburg,2014,Full,Active,Reporting requirement temporarily suspended ,1,,,,2.7,Students,,0.1,
366,Los Rios Community College District Office,Community College,Sacramento,95825,Sacramento,Sacramento-Unincorporated,2014,Full,Active,Reporting requirement temporarily suspended ,3,,,,0.9,Students,,0,
366,Los Rios Community College District Office,Community College,Sacramento,95825,Sacramento,Sacramento-Unincorporated,2014,Full,Active,Reporting requirement temporarily suspended ,,,,,0.9,Students,,0,
370,Mendocino-Lake Community College District,Community College,Ukiah,95482,Mendocino,Ukiah,2014,Full,Active,Reporting requirement temporarily suspended ,1,,,,7.2,Students,,0.2,
371,Merced College,Community College,Merced,95348,Merced,Merced,2014,Modified,Active,Reporting requirement temporarily suspended ,1,,,,5.9,Students,,0.7,
373,Merritt College,Community College,Oakland,94619,Alameda,Oakland,2014,Full,Active,Reporting requirement temporarily suspended ,,,,,4.9,Students,,0.2,
374,Mesa College,Community College,San Diego,92111-4998,San Diego,San Diego,2014,Full,Active,Reporting requirement temporarily suspended ,,,,,3.1,Students,,0.2,
377,Miracosta Community College,Community College,Oceanside,92056,San Diego,Oceanside,2014,Full,Active,Reporting requirement temporarily suspended ,3,,,,17.8,Students,,0.5,
378,Miramar College,Community College,San Diego,92126-2999,San Diego,San Diego-Unincorporated,2014,Full,Active,Reporting requirement temporarily suspended ,,,,,3.2,Students,,0.2,
379,Mission Community College,Community College,Santa Clara,95054,Santa Clara,Santa Clara-Unincorporated,2014,Full,Active,Reporting requirement temporarily suspended ,,,,,5.2,Students,,0.1,
380,Monterey Peninsula College,Community College,Monterey,93940,Monterey,Monterey,2014,Full,Active,Reporting requirement temporarily suspended ,,,,,3.4,Students,,0.1,
381,Moorpark College,Community College,Moorpark,93021,Ventura,Moorpark,2014,Full,Active,Reporting requirement temporarily suspended ,,,,,3.3,Students,,0.2,
382,Mt. San Antonio Community College District,Community College,Walnut,91789,Los Angeles,Walnut,2014,Full,Active,Reporting requirement temporarily suspended ,1,,,,2.1,Students,,0.1,
383,Mt. San Jacinto Community College District,Community College,San Jacinto,92583-2399,Riverside,San Jacinto,2014,Full,Active,Reporting requirement temporarily suspended ,3,,,,1.9,Students,,0.2,
386,Napa Valley Community College,Community College,Napa,94558,Napa,Napa,2014,Full,Active,Reporting requirement temporarily suspended ,2,,,,2.6,Students,,0.1,
405,Ohlone College,Community College,Fremont,94539-0390,Alameda,Fremont,2014,Full,Active,Reporting requirement temporarily suspended ,1,,,,6.9,Students,,0.2,
406,Orange Coast College,Community College,Costa Mesa,92626,Orange,Costa Mesa,2014,Full,Active,Reporting requirement temporarily suspended ,2,,,,3,Students,,0.2,
409,Oxnard College,Community College,Oxnard,93033,Ventura,Oxnard,2014,Full,Active,Reporting requirement temporarily suspended ,3,,,,10.7,Students,,0.4,
410,Palo Verde Community College,Community College,Blythe,92225,Riverside,Blythe,2014,Full,Active,Reporting requirement temporarily suspended ,,,,,1.4,Students,,0.2,
412,Palomar Community College District,Community College,San Marcos,92069,San Diego,San Marcos,2014,Full,Active,Reporting requirement temporarily suspended ,2,,,,1,Students,,0.1,
413,Pasadena Area Community College District,Community College,Pasadena,91106,Los Angeles,Pasadena,2014,Full,Active,Reporting requirement temporarily suspended ,4,,,,3.7,Students,,0.2,
420,Porterville College,Community College,Porterville,93257,Tulare,Porterville,2014,Full,Active,Reporting requirement temporarily suspended ,,,,,2.3,Students,,0.1,
426,Rancho Santiago Community College District Office,Community College,Santa Ana,92706,Orange,Santa Ana,2014,Full,Active,Reporting requirement temporarily suspended ,1,,,,1.1,Students,,0.3,
427,Reedley College,Community College,Reedley,93654,Fresno,Reedley,2014,Full,Active,Reporting requirement temporarily suspended ,1,,,,14.2,Students,,0.4,
432,Rio Hondo College,Community College,Whittier,90601,Los Angeles,Whittier,2014,Full,Active,Reporting requirement temporarily suspended ,1,,,,6.4,Students,,0.1,
433,Riverside Community College District,Community College,Riverside,92507,Riverside,Riverside,2014,Full,Active,Reporting requirement temporarily suspended ,5,,,,1.8,Students,,0.1,
436,Saddleback College,Community College,Mission Viejo,92692,Orange,Mission Viejo,2014,Full,Active,Reporting requirement temporarily suspended ,1,,,,26.7,Students,,0.5,
438,San Bernardino Valley College,Community College,San Bernardino,92410,San Bernardino,San Bernardino-Unincorporated,2014,Full,Active,Reporting requirement temporarily suspended ,1,,,,60,Students,,1.7,
439,San Diego City College,Community College,San Diego,92101-4787,San Diego,San Diego,2014,Full,Active,Reporting requirement temporarily suspended ,,,,,4.7,Students,,0.2,
440,San Diego Community College (Continuing Education),Community College,San Diego,92113-1915,San Diego,San Diego,2014,Full,Active,Reporting requirement temporarily suspended ,6,,,,2.7,Students,,0,
441,San Diego Community College District Office,Community College,San Diego,92108-3883,San Diego,San Diego,2014,Full,Active,Reporting requirement temporarily suspended ,2,,,,1.8,Students,,6.2,
446,San Joaquin Delta College,Community College,Stockton,95207,San Joaquin,Stockton,2014,Modified,Active,Reporting requirement temporarily suspended ,3,,,,1.8,Students,,0.2,
448,San Jose City College,Community College,San Jose,95128-2799,Santa Clara,San Jose,2014,Full,Active,Reporting requirement temporarily suspended ,,,,,24.5,Students,,0.6,
451,Santa Ana College,Community College,Santa Ana,92706,Orange,Santa Ana,2014,Full,Active,Reporting requirement temporarily suspended ,5,,,,2.7,Students,,0.1,
452,Santa Barbara Community College,Community College,Santa Barbara,93109,Santa Barbara,Santa Barbara,2014,Full,Active,Reporting requirement temporarily suspended ,3,,,,4.4,Students,,0.1,
453,Santa Clarita Community College District,Community College,Santa Clarita,91355,Los Angeles,Santa Clarita,2014,Full,Active,Reporting requirement temporarily suspended ,,,,,3.9,Students,,0.2,
454,Santa Monica Community College District,Community College,Santa Monica,90405,Los Angeles,Santa Monica,2014,Full,Active,Reporting requirement temporarily suspended ,7,,,,17.2,Students,,1.4,
454,Santa Monica Community College District,Community College,Santa Monica,90405,Los Angeles,Santa Monica,2014,Full,Active,Reporting requirement temporarily suspended ,,,,,17.2,Students,,1.4,
456,Santa Rosa Junior College,Community College,Santa Rosa,95401,Sonoma,Santa Rosa,2014,Full,Active,Reporting requirement temporarily suspended ,5,,,,3.9,Students,,0.2,
457,Santiago Canyon College,Community College,Orange,92869-4512,Orange,Orange,2014,Full,Active,Reporting requirement temporarily suspended ,2,,,,2.3,Students,,0,
461,Shasta Tehama Trinity Community College District,Community College,Redding,96003,Shasta,Redding,2014,Full,Active,Reporting requirement temporarily suspended ,5,,,,5.1,Students,,0.3,
463,Sierra Joint Community College District,Community College,Rocklin,95677,Placer,Rocklin,2014,Full,Active,Reporting requirement temporarily suspended ,4,,,,2,Students,,0.1,
464,Skyline College,Community College,San Bruno,94066,San Mateo,San Bruno,2014,Full,Active,Reporting requirement temporarily suspended ,,,,,11.8,Students,,0.3,
465,Solano Community College,Community College,Fairfield,94534,Solano,Fairfield,2014,Full,Active,Reporting requirement temporarily suspended ,7,,,,8,Students,,0.2,
470,Southwestern Community College,Community College,Chula Vista,91910,San Diego,Chula Vista,2014,Full,Active,Reporting requirement temporarily suspended ,4,,,,2.2,Students,,0.2,
490,Ventura College,Community College,Ventura,93003,Ventura,Ventura-Unincorporated,2014,Full,Active,Reporting requirement temporarily suspended ,3,,,,1.9,Students,,0,
497,Victor Valley Community College District,Community College,Victorville,92395,San Bernardino,Victorville,2014,Full,Active,Reporting requirement temporarily suspended ,1,,,,14.9,Students,,0.5,
499,West Hills Community College - Coalinga,Community College,Coalinga,93210,Fresno,Coalinga,2014,Full,Active,Reporting requirement temporarily suspended ,,,,,3.3,Students,,0.5,
500,West Hills Community College - Lemoore,Community College,Lemoore,93245,Kings,Lemoore,2014,Full,Active,Reporting requirement temporarily suspended ,1,,,,6.1,Students,,0.1,
502,West Kern Community College District,Community College,Taft,93268,Kern,Taft,2014,Full,Active,Reporting requirement temporarily suspended ,1,,,,4.1,Students,,0.6,
503,LACCD - West Los Angeles College,Community College,Culver City,90230,Los Angeles,Culver City,2014,Full,Active,Reporting requirement temporarily suspended ,1,,,,10.3,Students,,0.2,
504,West Valley Community College,Community College,Saratoga,95070-5698,Santa Clara,Saratoga,2014,Full,Active,Reporting requirement temporarily suspended ,,,,,5.3,Students,,0.2,
507,Yosemite Community College District,Community College,Modesto,95358,Stanislaus,Modesto,2014,Full,Active,Reporting requirement temporarily suspended ,2,,,,10.3,Students,,0.3,
512,Yuba College-District Office,Community College,Marysville,95901,Yuba,Marysville,2014,Full,Active,Reporting requirement temporarily suspended ,,,,,7.2,Students,,0.5,
57,Allan Hancock Joint Community College District,Community College,Santa Maria,93454-6399,Santa Barbara,Santa Maria,2013,Full,Active,Reporting requirement temporarily suspended ,1,,,,3.1,Students,,0.2,
58,American River College,Community College,Sacramento,95841,Sacramento,Sacramento-Unincorporated,2013,Full,Active,Reporting requirement temporarily suspended ,3,,,,2.2,Students,,0.1,
59,Antelope Valley Community College,Community College,Lancaster,93536,Los Angeles,Lancaster,2013,Full,Active,Reporting requirement temporarily suspended ,1,,,,1.8,Students,,0.1,
64,Bakersfield College,Community College,Bakersfield,93305,Kern,Bakersfield,2013,Full,Active,Reporting requirement temporarily suspended ,2,,,,5.4,Students,,0.2,
65,Barstow Community College,Community College,Barstow,92311,San Bernardino,Barstow,2013,Full,Active,Reporting requirement temporarily suspended ,2,,,,5.8,Students,,0.1,
66,Berkeley City College,Community College,Berkeley,94704,Alameda,Berkeley,2013,Full,Active,Reporting requirement temporarily suspended ,,,,,10.7,Students,,0.2,
90,Butte College,Community College,Oroville,95965-8399,Butte,Oroville,2013,Full,Active,Reporting requirement temporarily suspended ,3,,,,2.9,Students,,0.3,
91,Cabrillo College,Community College,Aptos,95003,Santa Cruz,Santa Cruz-Unincorporated,2013,Full,Active,Reporting requirement temporarily suspended ,,,,,1,Students,,0.1,
229,Canada College,Community College,Redwood City,94061,San Mateo,Redwood City,2013,Full,Active,Reporting requirement temporarily suspended ,1,,,,7.2,Students,,0.2,
233,Cerritos Community College,Community College,Norwalk,90650-6203,Los Angeles,Norwalk,2013,Full,Active,Reporting requirement temporarily suspended ,1,,,,1.6,Students,,0.1,
234,Cerro Coso Community College,Community College,Ridgecrest,93555,Kern,Ridgecrest,2013,Full,Active,Reporting requirement temporarily suspended ,4,,,,6.2,Students,,0.3,
235,Chabot College,Community College,Hayward,94555,Alameda,Hayward,2013,Full,Active,Reporting requirement temporarily suspended ,1,,,,0.7,Students,,0.1,
236,Chaffey College,Community College,Rancho Cucamonga,91737,San Bernardino,Rancho Cucamonga,2013,Full,Active,Reporting requirement temporarily suspended ,10,,,,14.6,Students,,0.8,
239,Citrus College,Community College,Glendora,91741,Los Angeles,Glendora,2013,Full,Active,Reporting requirement temporarily suspended ,1,,,,12.1,Students,,1,
240,City College of San Francisco,Community College,San Francisco,94103,San Francisco,San Francisco,2013,Full,Active,Reporting requirement temporarily suspended ,11,,,,1.7,Students,,0.1,
243,Coast Community College District Administration,Community College,Costa Mesa,92626,Orange,Costa Mesa,2013,Full,Active,Reporting requirement temporarily suspended ,3,,,,3.2,Students,,0.5,
244,Coastline Community College,Community College,Fountain Valley,92708,Orange,Fountain Valley,2013,Full,Active,Reporting requirement temporarily suspended ,3,,,,3.1,Students,,0.1,
245,College of Alameda,Community College,Alameda,94501,Alameda,Alameda,2013,Full,Active,Reporting requirement temporarily suspended ,1,,,,3.9,Students,,0.3,
246,College of Marin,Community College,Kentfield,94904,Marin,Marin-Unincorporated,2013,Full,Active,Reporting requirement temporarily suspended ,1,,,,1.4,Students,,0.1,
247,College of San Mateo,Community College,San Mateo,94402,San Mateo,San Mateo,2013,Full,Active,Reporting requirement temporarily suspended ,2,,,,5.3,Students,,0.1,
248,College of the Desert,Community College,Palm Desert,92260,Riverside,Palm Desert,2013,Full,Active,Reporting requirement temporarily suspended ,1,,,,5.2,Students,,0.4,
249,College of the Redwoods,Community College,Eureka,95501,Humboldt,Eureka,2013,Full,Active,Reporting requirement temporarily suspended ,10,,,,2.9,Students,,0.2,
250,College of the Sequoias,Community College,Visalia,93277,Tulare,Visalia,2013,Full,Active,Reporting requirement temporarily suspended ,3,,,,3.6,Students,,0.2,
251,College of the Siskiyous,Community College,Weed,96094,Siskiyou,Weed,2013,Full,Active,Reporting requirement temporarily suspended ,1,,,,1.6,Students,,0,
259,Compton Community College,Community College,Compton,90221-5393,Los Angeles,Compton,2013,Full,Active,Reporting requirement temporarily suspended ,,,,,2.2,Students,,0.1,
260,Contra Costa Community College,Community College,San Pablo,94806,Contra Costa,West Contra Costa Integrated Waste Management Authority,2013,Full,Active,Reporting requirement temporarily suspended ,,,,,3,Students,,0.1,
263,Copper Mountain Community College,Community College,Joshua Tree,92252,San Bernardino,Riverside-Unincorporated,2013,Full,Active,Reporting requirement temporarily suspended ,1,,,,0.8,Students,,0.1,
266,Cosumnes River College,Community College,Sacramento,95823,Sacramento,Sacramento,2013,Full,Active,Reporting requirement temporarily suspended ,1,,,,6.9,Students,,0.1,
268,Crafton Hills College,Community College,Yucaipa,92399,San Bernardino,Yucaipa,2013,Full,Active,Reporting requirement temporarily suspended ,,,,,9.300000000000001,Students,,0.4,
269,"Cuesta Community College, San Luis Obispo",Community College,San Luis Obispo,93405-8106,San Luis Obispo,San Luis Obispo-Unincorporated,2013,Full,Active,Reporting requirement temporarily suspended ,1,,,,1.9,Students,,0.1,
270,Cuyamaca Community College,Community College,El Cajon,92019-4304,San Diego,El Cajon,2013,Full,Active,Reporting requirement temporarily suspended ,,,,,2.6,Students,,0.2,
271,Cypress College,Community College,Cypress,90630,Orange,Cypress,2013,Full,Active,Reporting requirement temporarily suspended ,1,,,,4.9,Students,,0.2,
272,De Anza Community College,Community College,Cupertino,95014,Santa Clara,Cupertino,2013,Full,Active,Reporting requirement temporarily suspended ,,,,,3.1,Students,,0.2,
310,Diablo Valley College,Community College,Pleasant Hill,94523,Contra Costa,Pleasant Hill,2013,Full,Active,Reporting requirement temporarily suspended ,1,,,,1.3,Students,,0,
313,LACCD - East Los Angeles College,Community College,Monterey Park,91754,Los Angeles,Monterey Park,2013,Full,Active,Reporting requirement temporarily suspended ,2,,,,8.699999999999999,Students,,0.2,
314,El Camino College,Community College,Torrance,90506,Los Angeles,Torrance,2013,Full,Active,Reporting requirement temporarily suspended ,1,,,,2.6,Students,,0.3,
319,Evergreen Valley College,Community College,San Jose,95135-1598,Santa Clara,San Jose,2013,Full,Active,Reporting requirement temporarily suspended ,1,,,,5.3,Students,,0.1,
323,Feather River College,Community College,Quincy,95971,Plumas,Plumas-Unincorporated,2013,Full,Active,Reporting requirement temporarily suspended ,1,,,,13.6,Students,,1.7,
324,Folsom Lake College,Community College,Folsom,95630,Sacramento,Folsom,2013,Full,Active,Reporting requirement temporarily suspended ,2,,,,1,Students,,0,
326,Foothill College,Community College,Los Altos Hills,94022,Santa Clara,Cupertino,2013,Full,Active,Reporting requirement temporarily suspended ,2,,,,6,Students,,0.4,
327,Foothill College-Middlefield Campus,Community College,Palo Alto,94303,Santa Clara,Palo Alto,2013,Full,Active,Reporting requirement temporarily suspended ,,,,,17.5,Students,,0.1,
330,Fresno City College,Community College,Fresno,93704,Fresno,Fresno,2013,Full,Active,Reporting requirement temporarily suspended ,,,,,1.8,Students,,0.1,
331,Fullerton College,Community College,Fullerton,92832,Orange,Fullerton,2013,Full,Active,Reporting requirement temporarily suspended ,2,,,,21.8,Students,,0.9,
332,Gavilan Community College District,Community College,Gilroy,95020,Santa Clara,Gilroy,2013,Full,Active,Reporting requirement temporarily suspended ,3,,,,127.4,Students,,4.3,
333,Glendale Community College,Community College,Glendale,91208,Los Angeles,Glendale,2013,Full,Active,Reporting requirement temporarily suspended ,3,,,,0.9,Students,,0.1,
334,Golden West College,Community College,Huntington Beach,92647-2748,Orange,Huntington Beach,2013,Full,Active,Reporting requirement temporarily suspended ,,,,,3.8,Students,,0.5,
336,Grossmont College,Community College,El Cajon,92020,San Diego,El Cajon,2013,Full,Active,Reporting requirement temporarily suspended ,,,,,1.1,Students,,0.1,
337,Hartnell Community College,Community College,Salinas,93901,Monterey,Salinas,2013,Full,Active,Reporting requirement temporarily suspended ,2,,,,2.6,Students,,0.2,
344,Imperial Community College District,Community College,Imperial,92251,Imperial,Imperial,2013,Full,Active,Reporting requirement temporarily suspended ,,,,,2.8,Students,,0.2,
346,Irvine Valley College,Community College,Irvine,92618,Orange,Irvine,2013,Full,Active,Reporting requirement temporarily suspended ,,,,,5.5,Students,,0.2,
349,LACCD - Educational Services Center,Community College,Los Angeles,90017,Los Angeles,Los Angeles,2013,Full,Active,Reporting requirement temporarily suspended ,3,,,,0.7,Students,,0,
349,LACCD - Educational Services Center,Community College,Los Angeles,90017,Los Angeles,Los Angeles,2013,Full,Active,Reporting requirement temporarily suspended ,3,,,,0.7,Students,,0,
350,Lake Tahoe Community College,Community College,South Lake Tahoe,96150,El Dorado,South Lake Tahoe,2013,Full,Active,Reporting requirement temporarily suspended ,,,,,3.7,Students,,0.1,
353,Las Positas College,Community College,Livermore,94551,Alameda,Hayward,2013,Full,Active,Reporting requirement temporarily suspended ,,,,,1,Students,,0.2,
354,Lassen Community College,Community College,Susanville,96130,Lassen,Susanville,2013,Full,Active,Reporting requirement temporarily suspended ,,,,,10.5,Students,,0.9,
356,Long Beach City College,Community College,Long Beach,90808,Los Angeles,Long Beach,2013,Full,Active,Reporting requirement temporarily suspended ,1,,,,1.1,Students,,0.1,
357,LACCD - Los Angeles City College,Community College,Los Angeles,90029,Los Angeles,Los Angeles,2013,Full,Active,Reporting requirement temporarily suspended ,1,,,,6.9,Students,,0.2,
358,LACCD - Pierce College,Community College,Woodland Hills,91371,Los Angeles,Los Angeles-Unincorporated,2013,Full,Active,Reporting requirement temporarily suspended ,1,,,,7.8,Students,,0.2,
359,LACCD - Los Angeles Harbor College,Community College,Wilmington,90744,Los Angeles,Los Angeles-Unincorporated,2013,Full,Active,Reporting requirement temporarily suspended ,,,,,16.2,Students,,0.9,
360,LACCD - Los Angeles Mission College,Community College,Sylmar,91342,Los Angeles,Los Angeles-Unincorporated,2013,Full,Active,Reporting requirement temporarily suspended ,2,,,,4.5,Students,,0.1,
361,LACCD - Los Angeles Southwest College,Community College,Los Angeles,90047,Los Angeles,Los Angeles,2013,Full,Active,Reporting requirement temporarily suspended ,,,,,9.199999999999999,Students,,0.6,
362,LACCD - Los Angeles Trade-Technical College,Community College,Los Angeles,90015,Los Angeles,Los Angeles,2013,Full,Active,Reporting requirement temporarily suspended ,1,,,,31.4,Students,,0.8,
363,LACCD - Los Angeles Valley College,Community College,Valley Glen,91401,Los Angeles,Los Angeles-Unincorporated,2013,Full,Active,Reporting requirement temporarily suspended ,1,,,,3.8,Students,,0.2,
365,Los Medanos College,Community College,Pittsburg,94565,Contra Costa,Pittsburg,2013,Full,Active,Reporting requirement temporarily suspended ,1,,,,2.7,Students,,0.1,
366,Los Rios Community College District Office,Community College,Sacramento,95825,Sacramento,Sacramento-Unincorporated,2013,Full,Active,Reporting requirement temporarily suspended ,3,,,,0.9,Students,,0,
366,Los Rios Community College District Office,Community College,Sacramento,95825,Sacramento,Sacramento-Unincorporated,2013,Full,Active,Reporting requirement temporarily suspended ,,,,,0.9,Students,,0,
370,Mendocino-Lake Community College District,Community College,Ukiah,95482,Mendocino,Ukiah,2013,Full,Active,Reporting requirement temporarily suspended ,1,,,,7.2,Students,,0.2,
371,Merced College,Community College,Merced,95348,Merced,Merced,2013,Modified,Active,Reporting requirement temporarily suspended ,1,,,,5.9,Students,,0.7,
373,Merritt College,Community College,Oakland,94619,Alameda,Oakland,2013,Full,Active,Reporting requirement temporarily suspended ,,,,,4.9,Students,,0.2,
374,Mesa College,Community College,San Diego,92111-4998,San Diego,San Diego,2013,Full,Active,Reporting requirement temporarily suspended ,,,,,3.1,Students,,0.2,
377,Miracosta Community College,Community College,Oceanside,92056,San Diego,Oceanside,2013,Full,Active,Reporting requirement temporarily suspended ,3,,,,17.8,Students,,0.5,
378,Miramar College,Community College,San Diego,92126-2999,San Diego,San Diego-Unincorporated,2013,Full,Active,Reporting requirement temporarily suspended ,,,,,3.2,Students,,0.2,
379,Mission Community College,Community College,Santa Clara,95054,Santa Clara,Santa Clara-Unincorporated,2013,Full,Active,Reporting requirement temporarily suspended ,,,,,5.2,Students,,0.1,
380,Monterey Peninsula College,Community College,Monterey,93940,Monterey,Monterey,2013,Full,Active,Reporting requirement temporarily suspended ,,,,,3.4,Students,,0.1,
381,Moorpark College,Community College,Moorpark,93021,Ventura,Moorpark,2013,Full,Active,Reporting requirement temporarily suspended ,,,,,3.3,Students,,0.2,
382,Mt. San Antonio Community College District,Community College,Walnut,91789,Los Angeles,Walnut,2013,Full,Active,Reporting requirement temporarily suspended ,1,,,,2.1,Students,,0.1,
383,Mt. San Jacinto Community College District,Community College,San Jacinto,92583-2399,Riverside,San Jacinto,2013,Full,Active,Reporting requirement temporarily suspended ,3,,,,1.9,Students,,0.2,
386,Napa Valley Community College,Community College,Napa,94558,Napa,Napa,2013,Full,Active,Reporting requirement temporarily suspended ,2,,,,2.6,Students,,0.1,
405,Ohlone College,Community College,Fremont,94539-0390,Alameda,Fremont,2013,Full,Active,Reporting requirement temporarily suspended ,1,,,,6.9,Students,,0.2,
406,Orange Coast College,Community College,Costa Mesa,92626,Orange,Costa Mesa,2013,Full,Active,Reporting requirement temporarily suspended ,2,,,,3,Students,,0.2,
409,Oxnard College,Community College,Oxnard,93033,Ventura,Oxnard,2013,Full,Active,Reporting requirement temporarily suspended ,3,,,,10.7,Students,,0.4,
410,Palo Verde Community College,Community College,Blythe,92225,Riverside,Blythe,2013,Full,Active,Reporting requirement temporarily suspended ,,,,,1.4,Students,,0.2,
412,Palomar Community College District,Community College,San Marcos,92069,San Diego,San Marcos,2013,Full,Active,Reporting requirement temporarily suspended ,2,,,,1,Students,,0.1,
413,Pasadena Area Community College District,Community College,Pasadena,91106,Los Angeles,Pasadena,2013,Full,Active,Reporting requirement temporarily suspended ,4,,,,3.7,Students,,0.2,
420,Porterville College,Community College,Porterville,93257,Tulare,Porterville,2013,Full,Active,Reporting requirement temporarily suspended ,,,,,2.3,Students,,0.1,
426,Rancho Santiago Community College District Office,Community College,Santa Ana,92706,Orange,Santa Ana,2013,Full,Active,Reporting requirement temporarily suspended ,1,,,,1.1,Students,,0.3,
427,Reedley College,Community College,Reedley,93654,Fresno,Reedley,2013,Full,Active,Reporting requirement temporarily suspended ,1,,,,14.2,Students,,0.4,
432,Rio Hondo College,Community College,Whittier,90601,Los Angeles,Whittier,2013,Full,Active,Reporting requirement temporarily suspended ,1,,,,6.4,Students,,0.1,
433,Riverside Community College District,Community College,Riverside,92507,Riverside,Riverside,2013,Full,Active,Reporting requirement temporarily suspended ,5,,,,1.8,Students,,0.1,
434,Sacramento City College,Community College,Sacramento,95822,Sacramento,Sacramento,2013,Full,Active,Reporting requirement temporarily suspended ,2,,,,1.4,Students,,0.1,
436,Saddleback College,Community College,Mission Viejo,92692,Orange,Mission Viejo,2013,Full,Active,Reporting requirement temporarily suspended ,1,,,,26.7,Students,,0.5,
438,San Bernardino Valley College,Community College,San Bernardino,92410,San Bernardino,San Bernardino-Unincorporated,2013,Full,Active,Reporting requirement temporarily suspended ,1,,,,60,Students,,1.7,
439,San Diego City College,Community College,San Diego,92101-4787,San Diego,San Diego,2013,Full,Active,Reporting requirement temporarily suspended ,,,,,4.7,Students,,0.2,
440,San Diego Community College (Continuing Education),Community College,San Diego,92113-1915,San Diego,San Diego,2013,Full,Active,Reporting requirement temporarily suspended ,6,,,,2.7,Students,,0,
441,San Diego Community College District Office,Community College,San Diego,92108-3883,San Diego,San Diego,2013,Full,Active,Reporting requirement temporarily suspended ,2,,,,1.8,Students,,6.2,
446,San Joaquin Delta College,Community College,Stockton,95207,San Joaquin,Stockton,2013,Modified,Active,Reporting requirement temporarily suspended ,3,,,,1.8,Students,,0.2,
448,San Jose City College,Community College,San Jose,95128-2799,Santa Clara,San Jose,2013,Full,Active,Reporting requirement temporarily suspended ,,,,,24.5,Students,,0.6,
451,Santa Ana College,Community College,Santa Ana,92706,Orange,Santa Ana,2013,Full,Active,Reporting requirement temporarily suspended ,5,,,,2.7,Students,,0.1,
452,Santa Barbara Community College,Community College,Santa Barbara,93109,Santa Barbara,Santa Barbara,2013,Full,Active,Reporting requirement temporarily suspended ,3,,,,4.4,Students,,0.1,
453,Santa Clarita Community College District,Community College,Santa Clarita,91355,Los Angeles,Santa Clarita,2013,Full,Active,Reporting requirement temporarily suspended ,,,,,3.9,Students,,0.2,
454,Santa Monica Community College District,Community College,Santa Monica,90405,Los Angeles,Santa Monica,2013,Full,Active,Reporting requirement temporarily suspended ,7,,,,17.2,Students,,1.4,
454,Santa Monica Community College District,Community College,Santa Monica,90405,Los Angeles,Santa Monica,2013,Full,Active,Reporting requirement temporarily suspended ,,,,,17.2,Students,,1.4,
456,Santa Rosa Junior College,Community College,Santa Rosa,95401,Sonoma,Santa Rosa,2013,Full,Active,Reporting requirement temporarily suspended ,5,,,,3.9,Students,,0.2,
457,Santiago Canyon College,Community College,Orange,92869-4512,Orange,Orange,2013,Full,Active,Reporting requirement temporarily suspended ,2,,,,2.3,Students,,0,
461,Shasta Tehama Trinity Community College District,Community College,Redding,96003,Shasta,Redding,2013,Full,Active,Reporting requirement temporarily suspended ,5,,,,5.1,Students,,0.3,
463,Sierra Joint Community College District,Community College,Rocklin,95677,Placer,Rocklin,2013,Full,Active,Reporting requirement temporarily suspended ,4,,,,2,Students,,0.1,
464,Skyline College,Community College,San Bruno,94066,San Mateo,San Bruno,2013,Full,Active,Reporting requirement temporarily suspended ,,,,,11.8,Students,,0.3,
465,Solano Community College,Community College,Fairfield,94534,Solano,Fairfield,2013,Full,Active,Reporting requirement temporarily suspended ,7,,,,8,Students,,0.2,
470,Southwestern Community College,Community College,Chula Vista,91910,San Diego,Chula Vista,2013,Full,Active,Reporting requirement temporarily suspended ,4,,,,2.2,Students,,0.2,
490,Ventura College,Community College,Ventura,93003,Ventura,Ventura-Unincorporated,2013,Full,Active,Reporting requirement temporarily suspended ,3,,,,1.9,Students,,0,
497,Victor Valley Community College District,Community College,Victorville,92395,San Bernardino,Victorville,2013,Full,Active,Reporting requirement temporarily suspended ,1,,,,14.9,Students,,0.5,
499,West Hills Community College - Coalinga,Community College,Coalinga,93210,Fresno,Coalinga,2013,Full,Active,Reporting requirement temporarily suspended ,,,,,3.3,Students,,0.5,
500,West Hills Community College - Lemoore,Community College,Lemoore,93245,Kings,Lemoore,2013,Full,Active,Reporting requirement temporarily suspended ,1,,,,6.1,Students,,0.1,
502,West Kern Community College District,Community College,Taft,93268,Kern,Taft,2013,Full,Active,Reporting requirement temporarily suspended ,1,,,,4.1,Students,,0.6,
503,LACCD - West Los Angeles College,Community College,Culver City,90230,Los Angeles,Culver City,2013,Full,Active,Reporting requirement temporarily suspended ,1,,,,10.3,Students,,0.2,
504,West Valley Community College,Community College,Saratoga,95070-5698,Santa Clara,Saratoga,2013,Full,Active,Reporting requirement temporarily suspended ,,,,,5.3,Students,,0.2,
507,Yosemite Community College District,Community College,Modesto,95358,Stanislaus,Modesto,2013,Full,Active,Reporting requirement temporarily suspended ,2,,,,10.3,Students,,0.3,
512,Yuba College-District Office,Community College,Marysville,95901,Yuba,Marysville,2013,Full,Active,Reporting requirement temporarily suspended ,,,,,7.2,Students,,0.5,
57,Allan Hancock Joint Community College District,Community College,Santa Maria,93454-6399,Santa Barbara,Santa Maria,2012,Full,Active,Reporting requirement temporarily suspended ,1,,,,3.1,Students,,0.2,
58,American River College,Community College,Sacramento,95841,Sacramento,Sacramento-Unincorporated,2012,Full,Active,Reporting requirement temporarily suspended ,3,,,,2.2,Students,,0.1,
59,Antelope Valley Community College,Community College,Lancaster,93536,Los Angeles,Lancaster,2012,Full,Active,Reporting requirement temporarily suspended ,1,,,,1.8,Students,,0.1,
64,Bakersfield College,Community College,Bakersfield,93305,Kern,Bakersfield,2012,Full,Active,Reporting requirement temporarily suspended ,2,,,,5.4,Students,,0.2,
65,Barstow Community College,Community College,Barstow,92311,San Bernardino,Barstow,2012,Full,Active,Reporting requirement temporarily suspended ,2,,,,5.8,Students,,0.1,
66,Berkeley City College,Community College,Berkeley,94704,Alameda,Berkeley,2012,Full,Active,Reporting requirement temporarily suspended ,,,,,10.7,Students,,0.2,
90,Butte College,Community College,Oroville,95965-8399,Butte,Oroville,2012,Full,Active,Reporting requirement temporarily suspended ,3,,,,2.9,Students,,0.3,
91,Cabrillo College,Community College,Aptos,95003,Santa Cruz,Santa Cruz-Unincorporated,2012,Full,Active,Reporting requirement temporarily suspended ,,,,,1,Students,,0.1,
229,Canada College,Community College,Redwood City,94061,San Mateo,Redwood City,2012,Full,Active,Reporting requirement temporarily suspended ,1,,,,7.2,Students,,0.2,
233,Cerritos Community College,Community College,Norwalk,90650-6203,Los Angeles,Norwalk,2012,Full,Active,Reporting requirement temporarily suspended ,1,,,,1.6,Students,,0.1,
234,Cerro Coso Community College,Community College,Ridgecrest,93555,Kern,Ridgecrest,2012,Full,Active,Reporting requirement temporarily suspended ,4,,,,6.2,Students,,0.3,
235,Chabot College,Community College,Hayward,94555,Alameda,Hayward,2012,Full,Active,Reporting requirement temporarily suspended ,1,,,,0.7,Students,,0.1,
236,Chaffey College,Community College,Rancho Cucamonga,91737,San Bernardino,Rancho Cucamonga,2012,Full,Active,Reporting requirement temporarily suspended ,10,,,,14.6,Students,,0.8,
239,Citrus College,Community College,Glendora,91741,Los Angeles,Glendora,2012,Full,Active,Reporting requirement temporarily suspended ,1,,,,12.1,Students,,1,
240,City College of San Francisco,Community College,San Francisco,94103,San Francisco,San Francisco,2012,Full,Active,Reporting requirement temporarily suspended ,11,,,,1.7,Students,,0.1,
243,Coast Community College District Administration,Community College,Costa Mesa,92626,Orange,Costa Mesa,2012,Full,Active,Reporting requirement temporarily suspended ,3,,,,3.2,Students,,0.5,
244,Coastline Community College,Community College,Fountain Valley,92708,Orange,Fountain Valley,2012,Full,Active,Reporting requirement temporarily suspended ,3,,,,3.1,Students,,0.1,
245,College of Alameda,Community College,Alameda,94501,Alameda,Alameda,2012,Full,Active,Reporting requirement temporarily suspended ,1,,,,3.9,Students,,0.3,
246,College of Marin,Community College,Kentfield,94904,Marin,Marin-Unincorporated,2012,Full,Active,Reporting requirement temporarily suspended ,1,,,,1.4,Students,,0.1,
247,College of San Mateo,Community College,San Mateo,94402,San Mateo,San Mateo,2012,Full,Active,Reporting requirement temporarily suspended ,2,,,,5.3,Students,,0.1,
248,College of the Desert,Community College,Palm Desert,92260,Riverside,Palm Desert,2012,Full,Active,Reporting requirement temporarily suspended ,1,,,,5.2,Students,,0.4,
249,College of the Redwoods,Community College,Eureka,95501,Humboldt,Eureka,2012,Full,Active,Reporting requirement temporarily suspended ,10,,,,2.9,Students,,0.2,
250,College of the Sequoias,Community College,Visalia,93277,Tulare,Visalia,2012,Full,Active,Reporting requirement temporarily suspended ,3,,,,3.6,Students,,0.2,
251,College of the Siskiyous,Community College,Weed,96094,Siskiyou,Weed,2012,Full,Active,Reporting requirement temporarily suspended ,1,,,,1.6,Students,,0,
259,Compton Community College,Community College,Compton,90221-5393,Los Angeles,Compton,2012,Full,Active,Reporting requirement temporarily suspended ,,,,,2.2,Students,,0.1,
260,Contra Costa Community College,Community College,San Pablo,94806,Contra Costa,West Contra Costa Integrated Waste Management Authority,2012,Full,Active,Reporting requirement temporarily suspended ,,,,,3,Students,,0.1,
263,Copper Mountain Community College,Community College,Joshua Tree,92252,San Bernardino,Riverside-Unincorporated,2012,Full,Active,Reporting requirement temporarily suspended ,1,,,,0.8,Students,,0.1,
266,Cosumnes River College,Community College,Sacramento,95823,Sacramento,Sacramento,2012,Full,Active,Reporting requirement temporarily suspended ,1,,,,6.9,Students,,0.1,
268,Crafton Hills College,Community College,Yucaipa,92399,San Bernardino,Yucaipa,2012,Full,Active,Reporting requirement temporarily suspended ,,,,,9.300000000000001,Students,,0.4,
269,"Cuesta Community College, San Luis Obispo",Community College,San Luis Obispo,93405-8106,San Luis Obispo,San Luis Obispo-Unincorporated,2012,Full,Active,Reporting requirement temporarily suspended ,1,,,,1.9,Students,,0.1,
270,Cuyamaca Community College,Community College,El Cajon,92019-4304,San Diego,El Cajon,2012,Full,Active,Reporting requirement temporarily suspended ,,,,,2.6,Students,,0.2,
271,Cypress College,Community College,Cypress,90630,Orange,Cypress,2012,Full,Active,Reporting requirement temporarily suspended ,1,,,,4.9,Students,,0.2,
272,De Anza Community College,Community College,Cupertino,95014,Santa Clara,Cupertino,2012,Full,Active,Reporting requirement temporarily suspended ,,,,,3.1,Students,,0.2,
310,Diablo Valley College,Community College,Pleasant Hill,94523,Contra Costa,Pleasant Hill,2012,Full,Active,Reporting requirement temporarily suspended ,1,,,,1.3,Students,,0,
313,LACCD - East Los Angeles College,Community College,Monterey Park,91754,Los Angeles,Monterey Park,2012,Full,Active,Reporting requirement temporarily suspended ,2,,,,8.699999999999999,Students,,0.2,
314,El Camino College,Community College,Torrance,90506,Los Angeles,Torrance,2012,Full,Active,Reporting requirement temporarily suspended ,1,,,,2.6,Students,,0.3,
434,Sacramento City College,Community College,Sacramento,95822,Sacramento,Sacramento,2012,Full,Active,Reporting requirement temporarily suspended ,2,,,,1.4,Students,,0.1,
319,Evergreen Valley College,Community College,San Jose,95135-1598,Santa Clara,San Jose,2012,Full,Active,Reporting requirement temporarily suspended ,1,,,,5.3,Students,,0.1,
323,Feather River College,Community College,Quincy,95971,Plumas,Plumas-Unincorporated,2012,Full,Active,Reporting requirement temporarily suspended ,1,,,,13.6,Students,,1.7,
324,Folsom Lake College,Community College,Folsom,95630,Sacramento,Folsom,2012,Full,Active,Reporting requirement temporarily suspended ,2,,,,1,Students,,0,
326,Foothill College,Community College,Los Altos Hills,94022,Santa Clara,Cupertino,2012,Full,Active,Reporting requirement temporarily suspended ,2,,,,6,Students,,0.4,
327,Foothill College-Middlefield Campus,Community College,Palo Alto,94303,Santa Clara,Palo Alto,2012,Full,Active,Reporting requirement temporarily suspended ,,,,,17.5,Students,,0.1,
330,Fresno City College,Community College,Fresno,93704,Fresno,Fresno,2012,Full,Active,Reporting requirement temporarily suspended ,,,,,1.8,Students,,0.1,
331,Fullerton College,Community College,Fullerton,92832,Orange,Fullerton,2012,Full,Active,Reporting requirement temporarily suspended ,2,,,,21.8,Students,,0.9,
332,Gavilan Community College District,Community College,Gilroy,95020,Santa Clara,Gilroy,2012,Full,Active,Reporting requirement temporarily suspended ,3,,,,127.4,Students,,4.3,
333,Glendale Community College,Community College,Glendale,91208,Los Angeles,Glendale,2012,Full,Active,Reporting requirement temporarily suspended ,3,,,,0.9,Students,,0.1,
334,Golden West College,Community College,Huntington Beach,92647-2748,Orange,Huntington Beach,2012,Full,Active,Reporting requirement temporarily suspended ,,,,,3.8,Students,,0.5,
336,Grossmont College,Community College,El Cajon,92020,San Diego,El Cajon,2012,Full,Active,Reporting requirement temporarily suspended ,,,,,1.1,Students,,0.1,
337,Hartnell Community College,Community College,Salinas,93901,Monterey,Salinas,2012,Full,Active,Reporting requirement temporarily suspended ,2,,,,2.6,Students,,0.2,
344,Imperial Community College District,Community College,Imperial,92251,Imperial,Imperial,2012,Full,Active,Reporting requirement temporarily suspended ,,,,,2.8,Students,,0.2,
346,Irvine Valley College,Community College,Irvine,92618,Orange,Irvine,2012,Full,Active,Reporting requirement temporarily suspended ,,,,,5.5,Students,,0.2,
349,LACCD - Educational Services Center,Community College,Los Angeles,90017,Los Angeles,Los Angeles,2012,Full,Active,Reporting requirement temporarily suspended ,3,,,,0.7,Students,,0,
349,LACCD - Educational Services Center,Community College,Los Angeles,90017,Los Angeles,Los Angeles,2012,Full,Active,Reporting requirement temporarily suspended ,3,,,,0.7,Students,,0,
350,Lake Tahoe Community College,Community College,South Lake Tahoe,96150,El Dorado,South Lake Tahoe,2012,Full,Active,Reporting requirement temporarily suspended ,,,,,3.7,Students,,0.1,
351,Laney College,Community College,Oakland,94607,Alameda,Oakland,2012,Full,Active,Reporting requirement temporarily suspended ,,,,,5.1,Students,,0.2,
353,Las Positas College,Community College,Livermore,94551,Alameda,Hayward,2012,Full,Active,Reporting requirement temporarily suspended ,,,,,1,Students,,0.2,
354,Lassen Community College,Community College,Susanville,96130,Lassen,Susanville,2012,Full,Active,Reporting requirement temporarily suspended ,,,,,10.5,Students,,0.9,
356,Long Beach City College,Community College,Long Beach,90808,Los Angeles,Long Beach,2012,Full,Active,Reporting requirement temporarily suspended ,1,,,,1.1,Students,,0.1,
357,LACCD - Los Angeles City College,Community College,Los Angeles,90029,Los Angeles,Los Angeles,2012,Full,Active,Reporting requirement temporarily suspended ,1,,,,6.9,Students,,0.2,
358,LACCD - Pierce College,Community College,Woodland Hills,91371,Los Angeles,Los Angeles-Unincorporated,2012,Full,Active,Reporting requirement temporarily suspended ,1,,,,7.8,Students,,0.2,
359,LACCD - Los Angeles Harbor College,Community College,Wilmington,90744,Los Angeles,Los Angeles-Unincorporated,2012,Full,Active,Reporting requirement temporarily suspended ,,,,,16.2,Students,,0.9,
360,LACCD - Los Angeles Mission College,Community College,Sylmar,91342,Los Angeles,Los Angeles-Unincorporated,2012,Full,Active,Reporting requirement temporarily suspended ,2,,,,4.5,Students,,0.1,
361,LACCD - Los Angeles Southwest College,Community College,Los Angeles,90047,Los Angeles,Los Angeles,2012,Full,Active,Reporting requirement temporarily suspended ,,,,,9.199999999999999,Students,,0.6,
362,LACCD - Los Angeles Trade-Technical College,Community College,Los Angeles,90015,Los Angeles,Los Angeles,2012,Full,Active,Reporting requirement temporarily suspended ,1,,,,31.4,Students,,0.8,
363,LACCD - Los Angeles Valley College,Community College,Valley Glen,91401,Los Angeles,Los Angeles-Unincorporated,2012,Full,Active,Reporting requirement temporarily suspended ,1,,,,3.8,Students,,0.2,
365,Los Medanos College,Community College,Pittsburg,94565,Contra Costa,Pittsburg,2012,Full,Active,Reporting requirement temporarily suspended ,1,,,,2.7,Students,,0.1,
366,Los Rios Community College District Office,Community College,Sacramento,95825,Sacramento,Sacramento-Unincorporated,2012,Full,Active,Reporting requirement temporarily suspended ,3,,,,0.9,Students,,0,
366,Los Rios Community College District Office,Community College,Sacramento,95825,Sacramento,Sacramento-Unincorporated,2012,Full,Active,Reporting requirement temporarily suspended ,,,,,0.9,Students,,0,
370,Mendocino-Lake Community College District,Community College,Ukiah,95482,Mendocino,Ukiah,2012,Full,Active,Reporting requirement temporarily suspended ,1,,,,7.2,Students,,0.2,
371,Merced College,Community College,Merced,95348,Merced,Merced,2012,Modified,Active,Reporting requirement temporarily suspended ,1,,,,5.9,Students,,0.7,
373,Merritt College,Community College,Oakland,94619,Alameda,Oakland,2012,Full,Active,Reporting requirement temporarily suspended ,,,,,4.9,Students,,0.2,
374,Mesa College,Community College,San Diego,92111-4998,San Diego,San Diego,2012,Full,Active,Reporting requirement temporarily suspended ,,,,,3.1,Students,,0.2,
377,Miracosta Community College,Community College,Oceanside,92056,San Diego,Oceanside,2012,Full,Active,Reporting requirement temporarily suspended ,3,,,,17.8,Students,,0.5,
378,Miramar College,Community College,San Diego,92126-2999,San Diego,San Diego-Unincorporated,2012,Full,Active,Reporting requirement temporarily suspended ,,,,,3.2,Students,,0.2,
379,Mission Community College,Community College,Santa Clara,95054,Santa Clara,Santa Clara-Unincorporated,2012,Full,Active,Reporting requirement temporarily suspended ,,,,,5.2,Students,,0.1,
380,Monterey Peninsula College,Community College,Monterey,93940,Monterey,Monterey,2012,Full,Active,Reporting requirement temporarily suspended ,,,,,3.4,Students,,0.1,
381,Moorpark College,Community College,Moorpark,93021,Ventura,Moorpark,2012,Full,Active,Reporting requirement temporarily suspended ,,,,,3.3,Students,,0.2,
382,Mt. San Antonio Community College District,Community College,Walnut,91789,Los Angeles,Walnut,2012,Full,Active,Reporting requirement temporarily suspended ,1,,,,2.1,Students,,0.1,
383,Mt. San Jacinto Community College District,Community College,San Jacinto,92583-2399,Riverside,San Jacinto,2012,Full,Active,Reporting requirement temporarily suspended ,3,,,,1.9,Students,,0.2,
386,Napa Valley Community College,Community College,Napa,94558,Napa,Napa,2012,Full,Active,Reporting requirement temporarily suspended ,2,,,,2.6,Students,,0.1,
405,Ohlone College,Community College,Fremont,94539-0390,Alameda,Fremont,2012,Full,Active,Reporting requirement temporarily suspended ,1,,,,6.9,Students,,0.2,
406,Orange Coast College,Community College,Costa Mesa,92626,Orange,Costa Mesa,2012,Full,Active,Reporting requirement temporarily suspended ,2,,,,3,Students,,0.2,
409,Oxnard College,Community College,Oxnard,93033,Ventura,Oxnard,2012,Full,Active,Reporting requirement temporarily suspended ,3,,,,10.7,Students,,0.4,
410,Palo Verde Community College,Community College,Blythe,92225,Riverside,Blythe,2012,Full,Active,Reporting requirement temporarily suspended ,,,,,1.4,Students,,0.2,
412,Palomar Community College District,Community College,San Marcos,92069,San Diego,San Marcos,2012,Full,Active,Reporting requirement temporarily suspended ,2,,,,1,Students,,0.1,
413,Pasadena Area Community College District,Community College,Pasadena,91106,Los Angeles,Pasadena,2012,Full,Active,Reporting requirement temporarily suspended ,4,,,,3.7,Students,,0.2,
420,Porterville College,Community College,Porterville,93257,Tulare,Porterville,2012,Full,Active,Reporting requirement temporarily suspended ,,,,,2.3,Students,,0.1,
426,Rancho Santiago Community College District Office,Community College,Santa Ana,92706,Orange,Santa Ana,2012,Full,Active,Reporting requirement temporarily suspended ,1,,,,1.1,Students,,0.3,
427,Reedley College,Community College,Reedley,93654,Fresno,Reedley,2012,Full,Active,Reporting requirement temporarily suspended ,1,,,,14.2,Students,,0.4,
432,Rio Hondo College,Community College,Whittier,90601,Los Angeles,Whittier,2012,Full,Active,Reporting requirement temporarily suspended ,1,,,,6.4,Students,,0.1,
433,Riverside Community College District,Community College,Riverside,92507,Riverside,Riverside,2012,Full,Active,Reporting requirement temporarily suspended ,5,,,,1.8,Students,,0.1,
436,Saddleback College,Community College,Mission Viejo,92692,Orange,Mission Viejo,2012,Full,Active,Reporting requirement temporarily suspended ,1,,,,26.7,Students,,0.5,
438,San Bernardino Valley College,Community College,San Bernardino,92410,San Bernardino,San Bernardino-Unincorporated,2012,Full,Active,Reporting requirement temporarily suspended ,1,,,,60,Students,,1.7,
439,San Diego City College,Community College,San Diego,92101-4787,San Diego,San Diego,2012,Full,Active,Reporting requirement temporarily suspended ,,,,,4.7,Students,,0.2,
440,San Diego Community College (Continuing Education),Community College,San Diego,92113-1915,San Diego,San Diego,2012,Full,Active,Reporting requirement temporarily suspended ,6,,,,2.7,Students,,0,
441,San Diego Community College District Office,Community College,San Diego,92108-3883,San Diego,San Diego,2012,Full,Active,Reporting requirement temporarily suspended ,2,,,,1.8,Students,,6.2,
446,San Joaquin Delta College,Community College,Stockton,95207,San Joaquin,Stockton,2012,Modified,Active,Reporting requirement temporarily suspended ,3,,,,1.8,Students,,0.2,
448,San Jose City College,Community College,San Jose,95128-2799,Santa Clara,San Jose,2012,Full,Active,Reporting requirement temporarily suspended ,,,,,24.5,Students,,0.6,
451,Santa Ana College,Community College,Santa Ana,92706,Orange,Santa Ana,2012,Full,Active,Reporting requirement temporarily suspended ,5,,,,2.7,Students,,0.1,
452,Santa Barbara Community College,Community College,Santa Barbara,93109,Santa Barbara,Santa Barbara,2012,Full,Active,Reporting requirement temporarily suspended ,3,,,,4.4,Students,,0.1,
453,Santa Clarita Community College District,Community College,Santa Clarita,91355,Los Angeles,Santa Clarita,2012,Full,Active,Reporting requirement temporarily suspended ,,,,,3.9,Students,,0.2,
454,Santa Monica Community College District,Community College,Santa Monica,90405,Los Angeles,Santa Monica,2012,Full,Active,Reporting requirement temporarily suspended ,7,,,,17.2,Students,,1.4,
454,Santa Monica Community College District,Community College,Santa Monica,90405,Los Angeles,Santa Monica,2012,Full,Active,Reporting requirement temporarily suspended ,,,,,17.2,Students,,1.4,
456,Santa Rosa Junior College,Community College,Santa Rosa,95401,Sonoma,Santa Rosa,2012,Full,Active,Reporting requirement temporarily suspended ,5,,,,3.9,Students,,0.2,
457,Santiago Canyon College,Community College,Orange,92869-4512,Orange,Orange,2012,Full,Active,Reporting requirement temporarily suspended ,2,,,,2.3,Students,,0,
461,Shasta Tehama Trinity Community College District,Community College,Redding,96003,Shasta,Redding,2012,Full,Active,Reporting requirement temporarily suspended ,5,,,,5.1,Students,,0.3,
463,Sierra Joint Community College District,Community College,Rocklin,95677,Placer,Rocklin,2012,Full,Active,Reporting requirement temporarily suspended ,4,,,,2,Students,,0.1,
464,Skyline College,Community College,San Bruno,94066,San Mateo,San Bruno,2012,Full,Active,Reporting requirement temporarily suspended ,,,,,11.8,Students,,0.3,
465,Solano Community College,Community College,Fairfield,94534,Solano,Fairfield,2012,Full,Active,Reporting requirement temporarily suspended ,7,,,,8,Students,,0.2,
470,Southwestern Community College,Community College,Chula Vista,91910,San Diego,Chula Vista,2012,Full,Active,Reporting requirement temporarily suspended ,4,,,,2.2,Students,,0.2,
490,Ventura College,Community College,Ventura,93003,Ventura,Ventura-Unincorporated,2012,Full,Active,Reporting requirement temporarily suspended ,3,,,,1.9,Students,,0,
497,Victor Valley Community College District,Community College,Victorville,92395,San Bernardino,Victorville,2012,Full,Active,Reporting requirement temporarily suspended ,1,,,,14.9,Students,,0.5,
499,West Hills Community College - Coalinga,Community College,Coalinga,93210,Fresno,Coalinga,2012,Full,Active,Reporting requirement temporarily suspended ,,,,,3.3,Students,,0.5,
500,West Hills Community College - Lemoore,Community College,Lemoore,93245,Kings,Lemoore,2012,Full,Active,Reporting requirement temporarily suspended ,1,,,,6.1,Students,,0.1,
502,West Kern Community College District,Community College,Taft,93268,Kern,Taft,2012,Full,Active,Reporting requirement temporarily suspended ,1,,,,4.1,Students,,0.6,
503,LACCD - West Los Angeles College,Community College,Culver City,90230,Los Angeles,Culver City,2012,Full,Active,Reporting requirement temporarily suspended ,1,,,,10.3,Students,,0.2,
504,West Valley Community College,Community College,Saratoga,95070-5698,Santa Clara,Saratoga,2012,Full,Active,Reporting requirement temporarily suspended ,,,,,5.3,Students,,0.2,
507,Yosemite Community College District,Community College,Modesto,95358,Stanislaus,Modesto,2012,Full,Active,Reporting requirement temporarily suspended ,2,,,,10.3,Students,,0.3,
512,Yuba College-District Office,Community College,Marysville,95901,Yuba,Marysville,2012,Full,Active,Reporting requirement temporarily suspended ,,,,,7.2,Students,,0.5,
